"iata_code","airport_name","country","weather","airport_status"
"POM","Port Moresby Jacksons International Airport","PG","Mostly Sunny","Small-Scale Delay"
"KEF","Keflavik International Airport","IS","Cloudy","Small-Scale Delay"
"PRN","PriÅ¡tina International Airport","XK","Partly Cloudy","Small-Scale Delay"
"YEG","Edmonton International Airport","CA","Partly Cloudy","Small-Scale Delay"
"YHZ","Halifax / Stanfield International Airport","CA","Sunny","Small-Scale Delay"
"YOW","Ottawa Macdonald-Cartier International Airport","CA","Rainy","Large-Scale Delay"
"YUL","Montreal / Pierre Elliott Trudeau International Airport","CA","Mostly Sunny","Normal"
"YVR","Vancouver International Airport","CA","Heavy Rainy","Large-Scale Delay"
"YWG","Winnipeg / James Armstrong Richardson International Airport","CA","Snowy","Busy"
"YYC","Calgary International Airport","CA","Foggy","Busy"
"YYJ","Victoria International Airport","CA","Partly Cloudy","Free"
"YYT","St. John's International Airport","CA","Partly Cloudy","Normal"
"YYZ","Lester B. Pearson International Airport","CA","Mostly Sunny","Free"
"ALG","Houari Boumediene Airport","DZ","Cloudy","Busy"
"OUA","Ouagadougou Airport","BF","Partly Cloudy","Normal"
"ACC","Kotoka International Airport","GH","Sunny","Large-Scale Delay"
"ABV","Nnamdi Azikiwe International Airport","NG","Partly Cloudy","Small-Scale Delay"
"QUO","Akwa Ibom International Airport","NG","Sunny","Normal"
"KAN","Mallam Aminu International Airport","NG","Partly Cloudy","Normal"
"LOS","Murtala Muhammed International Airport","NG","Cloudy","Small-Scale Delay"
"NIM","Diori Hamani International Airport","NE","Sunny","Normal"
"TUN","Tunis Carthage International Airport","TN","Snowy","Small-Scale Delay"
"BRU","Brussels Airport","BE","Mostly Sunny","Normal"
"CRL","Brussels South Charleroi Airport","BE","Cloudy","Small-Scale Delay"
"LGG","LiÃ¨ge Airport","BE","Foggy","Normal"
"SXF","Berlin-SchÃ¶nefeld Airport","DE","Mostly Sunny","Large-Scale Delay"
"DRS","Dresden Airport","DE","Partly Cloudy","Busy"
"FRA","Frankfurt am Main Airport","DE","Partly Cloudy","Normal"
"FMO","MÃ¼nster OsnabrÃ¼ck Airport","DE","Sunny","Busy"
"HAM","Hamburg Airport","DE","Mostly Sunny","Busy"
"CGN","Cologne Bonn Airport","DE","Foggy","Free"
"DUS","DÃ¼sseldorf Airport","DE","Partly Cloudy","Busy"
"MUC","Munich Airport","DE","Cloudy","Busy"
"NUE","Nuremberg Airport","DE","Sunny","Small-Scale Delay"
"LEJ","Leipzig/Halle Airport","DE","Mostly Sunny","Busy"
"STR","Stuttgart Airport","DE","Heavy Snowy","Large-Scale Delay"
"TXL","Berlin-Tegel Airport","DE","Rainy","Normal"
"HAJ","Hannover Airport","DE","Mostly Sunny","Large-Scale Delay"
"BRE","Bremen Airport","DE","Mostly Sunny","Normal"
"DTM","Dortmund Airport","DE","Partly Cloudy","Normal"
"FKB","Karlsruhe Baden-Baden Airport","DE","Partly Cloudy","Small-Scale Delay"
"TLL","Lennart Meri Tallinn Airport","EE","Mostly Sunny","Small-Scale Delay"
"HEL","Helsinki Vantaa Airport","FI","Sunny","Small-Scale Delay"
"BFS","Belfast International Airport","GB","Mostly Sunny","Busy"
"BHD","George Best Belfast City Airport","GB","Cloudy","Free"
"BHX","Birmingham International Airport","GB","Mostly Sunny","Small-Scale Delay"
"MAN","Manchester Airport","GB","Cloudy","Normal"
"DSA","Robin Hood Doncaster Sheffield Airport","GB","Partly Cloudy","Normal"
"CWL","Cardiff International Airport","GB","Cloudy","Normal"
"BRS","Bristol Airport","GB","Partly Cloudy","Busy"
"LPL","Liverpool John Lennon Airport","GB","Heavy Rainy","Normal"
"LTN","London Luton Airport","GB","Foggy","Small-Scale Delay"
"BOH","Bournemouth Airport","GB","Partly Cloudy","Small-Scale Delay"
"SOU","Southampton Airport","GB","Foggy","Free"
"LGW","London Gatwick Airport","GB","Partly Cloudy","Busy"
"LHR","London Heathrow Airport","GB","Sunny","Large-Scale Delay"
"LBA","Leeds Bradford Airport","GB","Partly Cloudy","Small-Scale Delay"
"NCL","Newcastle Airport","GB","Partly Cloudy","Free"
"EMA","East Midlands Airport","GB","Mostly Sunny","Busy"
"ABZ","Aberdeen Dyce Airport","GB","Cloudy","Busy"
"GLA","Glasgow International Airport","GB","Mostly Sunny","Busy"
"EDI","Edinburgh Airport","GB","Sunny","Normal"
"NWI","Norwich International Airport","GB","Partly Cloudy","Small-Scale Delay"
"STN","London Stansted Airport","GB","Sunny","Small-Scale Delay"
"EXT","Exeter International Airport","GB","Partly Cloudy","Free"
"LKZ","RAF Lakenheath","GB","Partly Cloudy","Busy"
"MHZ","RAF Mildenhall","GB","Cloudy","Large-Scale Delay"
"FFD","RAF Fairford","GB","Sunny","Busy"
"BZZ","RAF Brize Norton","GB","Heavy Rainy","Small-Scale Delay"
"AMS","Amsterdam Airport Schiphol","NL","Sunny","Normal"
"EIN","Eindhoven Airport","NL","Heavy Rainy","Busy"
"ORK","Cork Airport","IE","Partly Cloudy","Busy"
"DUB","Dublin Airport","IE","Mostly Sunny","Small-Scale Delay"
"SNN","Shannon Airport","IE","Mostly Sunny","Busy"
"BLL","Billund Airport","DK","Sunny","Free"
"CPH","Copenhagen Kastrup Airport","DK","Mostly Sunny","Normal"
"AAL","Aalborg Airport","DK","Partly Cloudy","Small-Scale Delay"
"LUX","Luxembourg-Findel International Airport","LU","Cloudy","Busy"
"BOO","BodÃ¸ Airport","NO","Mostly Sunny","Small-Scale Delay"
"BGO","Bergen Airport Flesland","NO","Sunny","Small-Scale Delay"
"OSL","Oslo Gardermoen Airport","NO","Mostly Sunny","Small-Scale Delay"
"TOS","TromsÃ¸ Airport","NO","Partly Cloudy","Normal"
"TRD","Trondheim Airport VÃ¦rnes","NO","Mostly Sunny","Busy"
"SVG","Stavanger Airport Sola","NO","Sunny","Busy"
"GDN","GdaÅsk Lech WaÅÄsa Airport","PL","Partly Cloudy","Small-Scale Delay"
"KRK","KrakÃ³w John Paul II International Airport","PL","Partly Cloudy","Busy"
"KTW","Katowice International Airport","PL","Partly Cloudy","Normal"
"WMI","Modlin Airport","PL","Heavy Snowy","Free"
"POZ","PoznaÅ-Åawica Airport","PL","Sunny","Large-Scale Delay"
"WAW","Warsaw Chopin Airport","PL","Partly Cloudy","Free"
"WRO","Copernicus WrocÅaw Airport","PL","Mostly Sunny","Small-Scale Delay"
"GOT","Gothenburg-Landvetter Airport","SE","Mostly Sunny","Busy"
"MMX","MalmÃ¶ Sturup Airport","SE","Partly Cloudy","Busy"
"LLA","LuleÃ¥ Airport","SE","Mostly Sunny","Normal"
"ARN","Stockholm-Arlanda Airport","SE","Mostly Sunny","Normal"
"RMS","Ramstein Air Base","DE","Partly Cloudy","Busy"
"RIX","Riga International Airport","LV","Cloudy","Normal"
"VNO","Vilnius International Airport","LT","Partly Cloudy","Small-Scale Delay"
"CPT","Cape Town International Airport","ZA","Partly Cloudy","Small-Scale Delay"
"GRJ","George Airport","ZA","Sunny","Normal"
"DUR","King Shaka International Airport","ZA","Partly Cloudy","Busy"
"JNB","OR Tambo International Airport","ZA","Partly Cloudy","Large-Scale Delay"
"GBE","Sir Seretse Khama International Airport","BW","Cloudy","Busy"
"SHO","King Mswati III International Airport","SZ","Partly Cloudy","Busy"
"MRU","Sir Seewoosagur Ramgoolam International Airport","MU","Partly Cloudy","Free"
"LUN","Kenneth Kaunda International Airport","ZM","Mostly Sunny","Normal"
"TNR","Ivato Airport","MG","Sunny","Busy"
"LAD","Quatro de Fevereiro Airport","AO","Mostly Sunny","Large-Scale Delay"
"MPM","Maputo Airport","MZ","Partly Cloudy","Normal"
"SEZ","Seychelles International Airport","SC","Sunny","Normal"
"NDJ","N'Djamena International Airport","TD","Partly Cloudy","Large-Scale Delay"
"HRE","Robert Gabriel Mugabe International Airport","ZW","Mostly Sunny","Busy"
"FIH","Ndjili International Airport","CD","Sunny","Busy"
"BKO","Modibo Keita International Airport","ML","Sunny","Normal"
"SPC","La Palma Airport","ES","Cloudy","Normal"
"LPA","Gran Canaria Airport","ES","Partly Cloudy","Normal"
"TFS","Tenerife South Airport","ES","Sunny","Normal"
"TFN","Tenerife Norte Airport","ES","Partly Cloudy","Busy"
"FNA","Lungi International Airport","SL","Cloudy","Busy"
"ROB","Roberts International Airport","LR","Partly Cloudy","Small-Scale Delay"
"CMN","Mohammed V International Airport","MA","Mostly Sunny","Normal"
"DSS","Blaise Diagne International Airport","SN","Mostly Sunny","Busy"
"DKR","LÃ©opold SÃ©dar Senghor International Airport","SN","Sunny","Small-Scale Delay"
"NKC","NouakchottâOumtounsy International Airport","MR","Partly Cloudy","Normal"
"SID","AmÃ­lcar Cabral International Airport","CV","Mostly Sunny","Free"
"ADD","Addis Ababa Bole International Airport","ET","Partly Cloudy","Normal"
"HGA","Egal International Airport","SO","Mostly Sunny","Normal"
"CAI","Cairo International Airport","EG","Sunny","Normal"
"HRG","Hurghada International Airport","EG","Partly Cloudy","Free"
"LXR","Luxor International Airport","EG","Mostly Sunny","Busy"
"NBO","Jomo Kenyatta International Airport","KE","Mostly Sunny","Large-Scale Delay"
"MBA","Mombasa Moi International Airport","KE","Mostly Sunny","Normal"
"TIP","Tripoli International Airport","LY","Sunny","Normal"
"KGL","Kigali International Airport","RW","Heavy Snowy","Busy"
"JUB","Juba International Airport","SS","Mostly Sunny","Free"
"KRT","Khartoum International Airport","SD","Cloudy","Normal"
"DAR","Julius Nyerere International Airport","TZ","Partly Cloudy","Large-Scale Delay"
"ZNZ","Abeid Amani Karume International Airport","TZ","Partly Cloudy","Small-Scale Delay"
"EBB","Entebbe International Airport","UG","Partly Cloudy","Normal"
"AAP","Aji Pangeran Tumenggung Pranoto International Airport","ID","Mostly Sunny","Busy"
"ABQ","Albuquerque International Sunport","US","Cloudy","Small-Scale Delay"
"ADW","Joint Base Andrews","US","Mostly Sunny","Small-Scale Delay"
"AFW","Fort Worth Alliance Airport","US","Partly Cloudy","Large-Scale Delay"
"AGS","Augusta Regional At Bush Field","US","Cloudy","Free"
"AMA","Rick Husband Amarillo International Airport","US","Mostly Sunny","Normal"
"ATL","Hartsfield Jackson Atlanta International Airport","US","Heavy Rainy","Small-Scale Delay"
"AUS","Austin Bergstrom International Airport","US","Sunny","Normal"
"AVL","Asheville Regional Airport","US","Cloudy","Normal"
"BAB","Beale Air Force Base","US","Mostly Sunny","Free"
"BAD","Barksdale Air Force Base","US","Mostly Sunny","Large-Scale Delay"
"BDL","Bradley International Airport","US","Partly Cloudy","Small-Scale Delay"
"BFI","Boeing Field King County International Airport","US","Heavy Rainy","Small-Scale Delay"
"BGR","Bangor International Airport","US","Mostly Sunny","Large-Scale Delay"
"BHM","Birmingham-Shuttlesworth International Airport","US","Cloudy","Normal"
"BIL","Billings Logan International Airport","US","Mostly Sunny","Small-Scale Delay"
"BLV","Scott AFB/Midamerica Airport","US","Sunny","Normal"
"BMI","Central Illinois Regional Airport at Bloomington-Normal","US","Cloudy","Normal"
"BNA","Nashville International Airport","US","Sunny","Small-Scale Delay"
"BOI","Boise Air Terminal/Gowen Field","US","Partly Cloudy","Small-Scale Delay"
"BOS","General Edward Lawrence Logan International Airport","US","Mostly Sunny","Normal"
"BUF","Buffalo Niagara International Airport","US","Mostly Sunny","Busy"
"BWI","Baltimore/Washington International Thurgood Marshall Airport","US","Partly Cloudy","Normal"
"CAE","Columbia Metropolitan Airport","US","Cloudy","Free"
"CBM","Columbus Air Force Base","US","Mostly Sunny","Busy"
"CHA","Lovell Field","US","Sunny","Busy"
"CHS","Charleston Air Force Base-International Airport","US","Partly Cloudy","Normal"
"CID","The Eastern Iowa Airport","US","Sunny","Large-Scale Delay"
"CLE","Cleveland Hopkins International Airport","US","Sunny","Normal"
"CLT","Charlotte Douglas International Airport","US","Sunny","Busy"
"CMH","John Glenn Columbus International Airport","US","Partly Cloudy","Free"
"COS","City of Colorado Springs Municipal Airport","US","Sunny","Large-Scale Delay"
"CRP","Corpus Christi International Airport","US","Mostly Sunny","Busy"
"CRW","Yeager Airport","US","Mostly Sunny","Small-Scale Delay"
"CVG","Cincinnati Northern Kentucky International Airport","US","Sunny","Normal"
"CVS","Cannon Air Force Base","US","Partly Cloudy","Large-Scale Delay"
"DAB","Daytona Beach International Airport","US","Partly Cloudy","Normal"
"DAL","Dallas Love Field","US","Cloudy","Busy"
"DAY","James M Cox Dayton International Airport","US","Partly Cloudy","Large-Scale Delay"
"DBQ","Dubuque Regional Airport","US","Cloudy","Busy"
"DCA","Ronald Reagan Washington National Airport","US","Partly Cloudy","Free"
"DEN","Denver International Airport","US","Partly Cloudy","Normal"
"DFW","Dallas Fort Worth International Airport","US","Mostly Sunny","Large-Scale Delay"
"DLF","DLF Airport","US","Mostly Sunny","Busy"
"DLH","Duluth International Airport","US","Mostly Sunny","Small-Scale Delay"
"DOV","Dover Air Force Base","US","Cloudy","Normal"
"DSM","Des Moines International Airport","US","Mostly Sunny","Normal"
"DTW","Detroit Metropolitan Wayne County Airport","US","Partly Cloudy","Normal"
"DYS","Dyess Air Force Base","US","Sunny","Normal"
"EDW","Edwards Air Force Base","US","Rainy","Busy"
"END","Vance Air Force Base","US","Sunny","Small-Scale Delay"
"ERI","Erie International Tom Ridge Field","US","Cloudy","Small-Scale Delay"
"EWR","Newark Liberty International Airport","US","Partly Cloudy","Small-Scale Delay"
"FFO","Wright-Patterson Air Force Base","US","Mostly Sunny","Free"
"FLL","Fort Lauderdale Hollywood International Airport","US","Mostly Sunny","Small-Scale Delay"
"FSM","Fort Smith Regional Airport","US","Sunny","Small-Scale Delay"
"FTW","Fort Worth Meacham International Airport","US","Mostly Sunny","Small-Scale Delay"
"FWA","Fort Wayne International Airport","US","Cloudy","Large-Scale Delay"
"GEG","Spokane International Airport","US","Sunny","Small-Scale Delay"
"GPT","Gulfport Biloxi International Airport","US","Partly Cloudy","Large-Scale Delay"
"GRB","Austin Straubel International Airport","US","Mostly Sunny","Free"
"GSB","Seymour Johnson Air Force Base","US","Partly Cloudy","Large-Scale Delay"
"GSO","Piedmont Triad International Airport","US","Sunny","Free"
"GSP","Greenville Spartanburg International Airport","US","Snowy","Normal"
"GUS","Grissom Air Reserve Base","US","Mostly Sunny","Normal"
"HIB","Range Regional Airport","US","Sunny","Normal"
"HMN","Holloman Air Force Base","US","Partly Cloudy","Normal"
"HOU","William P Hobby Airport","US","Sunny","Small-Scale Delay"
"HSV","Huntsville International Carl T Jones Field","US","Mostly Sunny","Normal"
"HTS","Tri-State/Milton J. Ferguson Field","US","Partly Cloudy","Normal"
"IAD","Washington Dulles International Airport","US","Cloudy","Busy"
"IAH","George Bush Intercontinental Houston Airport","US","Sunny","Small-Scale Delay"
"ICT","Wichita Eisenhower National Airport","US","Cloudy","Free"
"IND","Indianapolis International Airport","US","Sunny","Busy"
"JAN","Jackson-Medgar Wiley Evers International Airport","US","Mostly Sunny","Busy"
"JAX","Jacksonville International Airport","US","Cloudy","Large-Scale Delay"
"JFK","John F Kennedy International Airport","US","Mostly Sunny","Small-Scale Delay"
"JLN","Joplin Regional Airport","US","Cloudy","Normal"
"LAS","McCarran International Airport","US","Partly Cloudy","Busy"
"LAX","Los Angeles International Airport","US","Cloudy","Normal"
"LBB","Lubbock Preston Smith International Airport","US","Sunny","Busy"
"LCK","Rickenbacker International Airport","US","Mostly Sunny","Normal"
"LEX","Blue Grass Airport","US","Sunny","Free"
"LFI","Langley Air Force Base","US","Cloudy","Free"
"LFT","Lafayette Regional Airport","US","Mostly Sunny","Normal"
"LGA","La Guardia Airport","US","Sunny","Large-Scale Delay"
"LIT","Bill & Hillary Clinton National Airport/Adams Field","US","Mostly Sunny","Small-Scale Delay"
"LTS","Altus Air Force Base","US","Mostly Sunny","Small-Scale Delay"
"LUF","Luke Air Force Base","US","Cloudy","Normal"
"MBS","MBS International Airport","US","Cloudy","Busy"
"MCF","Mac Dill Air Force Base","US","Partly Cloudy","Normal"
"MCI","Kansas City International Airport","US","Cloudy","Large-Scale Delay"
"MCO","Orlando International Airport","US","Sunny","Small-Scale Delay"
"MDW","Chicago Midway International Airport","US","Mostly Sunny","Busy"
"MEM","Memphis International Airport","US","Mostly Sunny","Small-Scale Delay"
"MGE","Dobbins Air Reserve Base","US","Cloudy","Normal"
"MGM","Montgomery Regional (Dannelly Field) Airport","US","Cloudy","Large-Scale Delay"
"MHT","Manchester-Boston Regional Airport","US","Foggy","Small-Scale Delay"
"MIA","Miami International Airport","US","Cloudy","Large-Scale Delay"
"MKE","General Mitchell International Airport","US","Partly Cloudy","Busy"
"MLI","Quad City International Airport","US","Partly Cloudy","Large-Scale Delay"
"MLU","Monroe Regional Airport","US","Mostly Sunny","Busy"
"MOB","Mobile Regional Airport","US","Mostly Sunny","Busy"
"MSN","Dane County Regional Truax Field","US","Sunny","Small-Scale Delay"
"MSP","Minneapolis-St Paul International/Wold-Chamberlain Airport","US","Mostly Sunny","Free"
"MSY","Louis Armstrong New Orleans International Airport","US","Mostly Sunny","Small-Scale Delay"
"MUO","Mountain Home Air Force Base","US","Mostly Sunny","Free"
"OAK","Metropolitan Oakland International Airport","US","Partly Cloudy","Busy"
"OKC","Will Rogers World Airport","US","Partly Cloudy","Busy"
"OMA","Eppley Airfield","US","Mostly Sunny","Busy"
"ONT","Ontario International Airport","US","Sunny","Small-Scale Delay"
"ORD","Chicago O'Hare International Airport","US","Partly Cloudy","Small-Scale Delay"
"ORF","Norfolk International Airport","US","Cloudy","Busy"
"PAM","Tyndall Air Force Base","US","Partly Cloudy","Normal"
"PBI","Palm Beach International Airport","US","Sunny","Small-Scale Delay"
"PDX","Portland International Airport","US","Sunny","Large-Scale Delay"
"PHF","Newport News Williamsburg International Airport","US","Sunny","Free"
"PHL","Philadelphia International Airport","US","Partly Cloudy","Free"
"PHX","Phoenix Sky Harbor International Airport","US","Cloudy","Normal"
"PIA","General Wayne A. Downing Peoria International Airport","US","Mostly Sunny","Busy"
"PIT","Pittsburgh International Airport","US","Partly Cloudy","Busy"
"PVD","Theodore Francis Green State Airport","US","Mostly Sunny","Normal"
"PWM","Portland International Jetport","US","Mostly Sunny","Small-Scale Delay"
"RDU","Raleigh Durham International Airport","US","Cloudy","Small-Scale Delay"
"RFD","Chicago Rockford International Airport","US","Partly Cloudy","Normal"
"RIC","Richmond International Airport","US","Partly Cloudy","Small-Scale Delay"
"RND","Randolph Air Force Base","US","Cloudy","Free"
"RNO","Reno Tahoe International Airport","US","Mostly Sunny","Busy"
"ROA","RoanokeâBlacksburg Regional Airport","US","Mostly Sunny","Busy"
"ROC","Greater Rochester International Airport","US","Partly Cloudy","Busy"
"RST","Rochester International Airport","US","Partly Cloudy","Normal"
"RSW","Southwest Florida International Airport","US","Partly Cloudy","Free"
"SAN","San Diego International Airport","US","Sunny","Large-Scale Delay"
"SAT","San Antonio International Airport","US","Mostly Sunny","Free"
"SAV","Savannah Hilton Head International Airport","US","Partly Cloudy","Free"
"SBN","South Bend Regional Airport","US","Sunny","Busy"
"SDF","Louisville Muhammad Ali International Airport","US","Mostly Sunny","Large-Scale Delay"
"SEA","Seattle Tacoma International Airport","US","Partly Cloudy","Busy"
"SFB","Orlando Sanford International Airport","US","Sunny","Busy"
"SFO","San Francisco International Airport","US","Partly Cloudy","Busy"
"SGF","Springfield Branson National Airport","US","Sunny","Normal"
"SJC","Norman Y. Mineta San Jose International Airport","US","Sunny","Busy"
"SKA","Fairchild Air Force Base","US","Partly Cloudy","Small-Scale Delay"
"SLC","Salt Lake City International Airport","US","Partly Cloudy","Normal"
"SMF","Sacramento International Airport","US","Partly Cloudy","Free"
"SNA","John Wayne Airport-Orange County Airport","US","Foggy","Free"
"SPI","Abraham Lincoln Capital Airport","US","Mostly Sunny","Normal"
"SPS","Sheppard Air Force Base-Wichita Falls Municipal Airport","US","Partly Cloudy","Small-Scale Delay"
"SRQ","Sarasota Bradenton International Airport","US","Snowy","Normal"
"SSC","Shaw Air Force Base","US","Cloudy","Normal"
"STL","St Louis Lambert International Airport","US","Mostly Sunny","Small-Scale Delay"
"SUS","Spirit of St Louis Airport","US","Mostly Sunny","Small-Scale Delay"
"SUU","Travis Air Force Base","US","Sunny","Free"
"SUX","Sioux Gateway Airport/Brigadier General Bud Day Field","US","Rainy","Normal"
"SYR","Syracuse Hancock International Airport","US","Cloudy","Normal"
"SZL","Whiteman Air Force Base","US","Sunny","Busy"
"TCM","McChord Air Force Base","US","Mostly Sunny","Normal"
"TIK","Tinker Air Force Base","US","Mostly Sunny","Large-Scale Delay"
"TLH","Tallahassee Regional Airport","US","Mostly Sunny","Small-Scale Delay"
"TOL","Toledo Express Airport","US","Cloudy","Busy"
"TPA","Tampa International Airport","US","Mostly Sunny","Busy"
"TRI","Tri-Cities Regional TN/VA Airport","US","Cloudy","Normal"
"TUL","Tulsa International Airport","US","Cloudy","Free"
"TUS","Tucson International Airport / Morris Air National Guard Base","US","Sunny","Large-Scale Delay"
"TYS","McGhee Tyson Airport","US","Foggy","Normal"
"VBG","Vandenberg Air Force Base","US","Partly Cloudy","Small-Scale Delay"
"VPS","Destin-Ft Walton Beach Airport","US","Heavy Rainy","Busy"
"WRB","Robins Air Force Base","US","Partly Cloudy","Large-Scale Delay"
"TIA","Tirana International Airport Mother Teresa","AL","Mostly Sunny","Small-Scale Delay"
"BOJ","Burgas Airport","BG","Foggy","Free"
"SOF","Sofia Airport","BG","Sunny","Normal"
"VAR","Varna Airport","BG","Partly Cloudy","Normal"
"LCA","Larnaca International Airport","CY","Partly Cloudy","Normal"
"PFO","Paphos International Airport","CY","Mostly Sunny","Small-Scale Delay"
"AKT","RAF Akrotiri","GB","Partly Cloudy","Normal"
"ZAG","Zagreb Airport","HR","Partly Cloudy","Busy"
"ALC","Alicante International Airport","ES","Sunny","Busy"
"BCN","Barcelona International Airport","ES","Snowy","Small-Scale Delay"
"MAD","Adolfo SuÃ¡rez MadridâBarajas Airport","ES","Cloudy","Busy"
"AGP","MÃ¡laga Airport","ES","Cloudy","Busy"
"PMI","Palma De Mallorca Airport","ES","Partly Cloudy","Normal"
"SCQ","Santiago de Compostela Airport","ES","Sunny","Small-Scale Delay"
"BOD","Bordeaux-MÃ©rignac Airport","FR","Partly Cloudy","Busy"
"TLS","Toulouse-Blagnac Airport","FR","Frost","Normal"
"LYS","Lyon Saint-ExupÃ©ry Airport","FR","Mostly Sunny","Busy"
"MRS","Marseille Provence Airport","FR","Mostly Sunny","Busy"
"NCE","Nice-CÃ´te d'Azur Airport","FR","Mostly Sunny","Normal"
"CDG","Charles de Gaulle International Airport","FR","Mostly Sunny","Busy"
"ORY","Paris-Orly Airport","FR","Mostly Sunny","Small-Scale Delay"
"BSL","EuroAirport Basel-Mulhouse-Freiburg Airport","FR","Partly Cloudy","Normal"
"ATH","Eleftherios Venizelos International Airport","GR","Cloudy","Small-Scale Delay"
"HER","Heraklion International Nikos Kazantzakis Airport","GR","Heavy Snowy","Busy"
"SKG","Thessaloniki Macedonia International Airport","GR","Sunny","Busy"
"BUD","Budapest Liszt Ferenc International Airport","HU","Cloudy","Normal"
"BRI","Bari Karol WojtyÅa Airport","IT","Partly Cloudy","Small-Scale Delay"
"CTA","Catania-Fontanarossa Airport","IT","Mostly Sunny","Busy"
"PMO","FalconeâBorsellino Airport","IT","Mostly Sunny","Free"
"CAG","Cagliari Elmas Airport","IT","Partly Cloudy","Normal"
"MXP","Malpensa International Airport","IT","Mostly Sunny","Small-Scale Delay"
"BGY","Milan Bergamo Airport","IT","Partly Cloudy","Normal"
"TRN","Turin Airport","IT","Partly Cloudy","Busy"
"GOA","Genoa Cristoforo Colombo Airport","IT","Mostly Sunny","Normal"
"LIN","Milano Linate Airport","IT","Sunny","Small-Scale Delay"
"BLQ","Bologna Guglielmo Marconi Airport","IT","Partly Cloudy","Normal"
"TSF","Treviso-Sant'Angelo Airport","IT","Partly Cloudy","Free"
"VRN","Verona Villafranca Airport","IT","Mostly Sunny","Busy"
"VCE","Venice Marco Polo Airport","IT","Partly Cloudy","Normal"
"CIA","CiampinoâG. B. Pastine International Airport","IT","Mostly Sunny","Normal"
"FCO","Leonardo da VinciâFiumicino Airport","IT","Sunny","Normal"
"NAP","Naples International Airport","IT","Foggy","Free"
"PSA","Pisa International Airport","IT","Mostly Sunny","Free"
"LJU","Ljubljana JoÅ¾e PuÄnik Airport","SI","Mostly Sunny","Normal"
"PRG","VÃ¡clav Havel Airport Prague","CZ","Heavy Snowy","Busy"
"TLV","Ben Gurion International Airport","IL","Cloudy","Normal"
"VDA","Ovda International Airport","IL","Mostly Sunny","Normal"
"MLA","Malta International Airport","MT","Mostly Sunny","Small-Scale Delay"
"VIE","Vienna International Airport","AT","Partly Cloudy","Busy"
"FAO","Faro Airport","PT","Mostly Sunny","Busy"
"TER","Lajes Airport","PT","Mostly Sunny","Large-Scale Delay"
"PDL","JoÃ£o Paulo II Airport","PT","Partly Cloudy","Large-Scale Delay"
"OPO","Francisco de SÃ¡ Carneiro Airport","PT","Mostly Sunny","Normal"
"LIS","Humberto Delgado Airport (Lisbon Portela Airport)","PT","Sunny","Free"
"SJJ","Sarajevo International Airport","BA","Cloudy","Small-Scale Delay"
"OTP","Henri CoandÄ International Airport","RO","Partly Cloudy","Busy"
"GVA","Geneva Cointrin International Airport","CH","Sunny","Busy"
"ZRH","ZÃ¼rich Airport","CH","Partly Cloudy","Free"
"ESB","EsenboÄa International Airport","TR","Snowy","Normal"
"ADA","Adana Airport","TR","Partly Cloudy","Small-Scale Delay"
"AYT","Antalya International Airport","TR","Mostly Sunny","Small-Scale Delay"
"GZT","Gaziantep International Airport","TR","Mostly Sunny","Small-Scale Delay"
"ISL","AtatÃ¼rk International Airport","TR","Partly Cloudy","Large-Scale Delay"
"ADB","Adnan Menderes International Airport","TR","Cloudy","Free"
"DLM","Dalaman International Airport","TR","Sunny","Large-Scale Delay"
"ERZ","Erzurum International Airport","TR","Mostly Sunny","Large-Scale Delay"
"TZX","Trabzon International Airport","TR","Partly Cloudy","Normal"
"ISE","SÃ¼leyman Demirel International Airport","TR","Mostly Sunny","Normal"
"BJV","Milas Bodrum International Airport","TR","Partly Cloudy","Busy"
"SAW","Sabiha GÃ¶kÃ§en International Airport","TR","Heavy Snowy","Small-Scale Delay"
"IST","Istanbul Airport","TR","Mostly Sunny","Free"
"SKP","Skopje International Airport","MK","Partly Cloudy","Normal"
"BEG","Belgrade Nikola Tesla Airport","RS","Partly Cloudy","Normal"
"TGD","Podgorica Airport","ME","Mostly Sunny","Normal"
"BTS","M. R. Å tefÃ¡nik Airport","SK","Mostly Sunny","Normal"
"PUJ","Punta Cana International Airport","DO","Mostly Sunny","Busy"
"SDQ","Las AmÃ©ricas International Airport","DO","Partly Cloudy","Small-Scale Delay"
"GUA","La Aurora Airport","GT","Mostly Sunny","Free"
"KIN","Norman Manley International Airport","JM","Partly Cloudy","Large-Scale Delay"
"ACA","General Juan N Alvarez International Airport","MX","Mostly Sunny","Small-Scale Delay"
"GDL","Don Miguel Hidalgo Y Costilla International Airport","MX","Partly Cloudy","Small-Scale Delay"
"HMO","General Ignacio P. Garcia International Airport","MX","Partly Cloudy","Small-Scale Delay"
"MEX","Licenciado Benito Juarez International Airport","MX","Sunny","Normal"
"MTY","General Mariano Escobedo International Airport","MX","Heavy Rainy","Busy"
"PVR","Licenciado Gustavo DÃ­az Ordaz International Airport","MX","Partly Cloudy","Busy"
"SJD","Los Cabos International Airport","MX","Sunny","Normal"
"TIJ","General Abelardo L. RodrÃ­guez International Airport","MX","Partly Cloudy","Large-Scale Delay"
"CUN","CancÃºn International Airport","MX","Sunny","Normal"
"PTY","Tocumen International Airport","PA","Cloudy","Busy"
"LIR","Daniel Oduber Quiros International Airport","CR","Cloudy","Busy"
"SAL","MonseÃ±or Ãscar Arnulfo Romero International Airport","SV","Cloudy","Free"
"HAV","JosÃ© MartÃ­ International Airport","CU","Sunny","Busy"
"VRA","Juan Gualberto Gomez International Airport","CU","Sunny","Busy"
"GCM","Owen Roberts International Airport","KY","Foggy","Small-Scale Delay"
"NAS","Lynden Pindling International Airport","BS","Partly Cloudy","Busy"
"BZE","Philip S. W. Goldson International Airport","BZ","Cloudy","Busy"
"RAR","Rarotonga International Airport","CK","Partly Cloudy","Normal"
"PPT","Faa'a International Airport","PF","Partly Cloudy","Normal"
"AKL","Auckland International Airport","NZ","Cloudy","Busy"
"CHC","Christchurch International Airport","NZ","Cloudy","Busy"
"WLG","Wellington International Airport","NZ","Partly Cloudy","Busy"
"BAH","Bahrain International Airport","BH","Mostly Sunny","Small-Scale Delay"
"DMM","King Fahd International Airport","SA","Cloudy","Busy"
"DHA","King Abdulaziz Air Base","SA","Partly Cloudy","Busy"
"JED","King Abdulaziz International Airport","SA","Sunny","Large-Scale Delay"
"MED","Prince Mohammad Bin Abdulaziz Airport","SA","Mostly Sunny","Busy"
"RUH","King Khaled International Airport","SA","Partly Cloudy","Busy"
"IKA","Imam Khomeini International Airport","IR","Heavy Rainy","Normal"
"THR","Mehrabad International Airport","IR","Partly Cloudy","Small-Scale Delay"
"MHD","Mashhad International Airport","IR","Partly Cloudy","Normal"
"SYZ","Shiraz Shahid Dastghaib International Airport","IR","Mostly Sunny","Large-Scale Delay"
"TBZ","Tabriz International Airport","IR","Sunny","Large-Scale Delay"
"AMM","Queen Alia International Airport","JO","Cloudy","Normal"
"KWI","Kuwait International Airport","KW","Heavy Snowy","Normal"
"BEY","Beirut Rafic Hariri International Airport","LB","Cloudy","Normal"
"DQM","Duqm International Airport","OM","Partly Cloudy","Normal"
"MNH","Rustaq Airport","OM","Foggy","Normal"
"AUH","Abu Dhabi International Airport","AE","Sunny","Small-Scale Delay"
"DXB","Dubai International Airport","AE","Mostly Sunny","Small-Scale Delay"
"DWC","Al Maktoum International Airport","AE","Mostly Sunny","Busy"
"SHJ","Sharjah International Airport","AE","Mostly Sunny","Busy"
"MCT","Muscat International Airport","OM","Partly Cloudy","Free"
"ISB","Islamabad International Airport","PK","Sunny","Small-Scale Delay"
"SKT","Sialkot Airport","PK","Snowy","Small-Scale Delay"
"BGW","Baghdad International Airport","IQ","Partly Cloudy","Small-Scale Delay"
"BSR","Basrah International Airport","IQ","Mostly Sunny","Busy"
"ALP","Aleppo International Airport","SY","Partly Cloudy","Busy"
"DAM","Damascus International Airport","SY","Sunny","Small-Scale Delay"
"LTK","Bassel Al-Assad International Airport","SY","Mostly Sunny","Normal"
"DOH","Hamad International Airport","QA","Cloudy","Large-Scale Delay"
"FAI","Fairbanks International Airport","US","Sunny","Busy"
"ANC","Ted Stevens Anchorage International Airport","US","Partly Cloudy","Small-Scale Delay"
"GUM","Antonio B. Won Pat International Airport","GU","Sunny","Busy"
"CGY","Laguindingan Airport","PH","Mostly Sunny","Normal"
"HNL","Daniel K Inouye International Airport","US","Mostly Sunny","Large-Scale Delay"
"NRT","Narita International Airport","JP","Partly Cloudy","Busy"
"KIX","Kansai International Airport","JP","Mostly Sunny","Free"
"CTS","New Chitose Airport","JP","Cloudy","Normal"
"FUK","Fukuoka Airport","JP","Partly Cloudy","Large-Scale Delay"
"KOJ","Kagoshima Airport","JP","Partly Cloudy","Small-Scale Delay"
"NGO","Chubu Centrair International Airport","JP","Cloudy","Busy"
"FSZ","Mt. Fuji Shizuoka Airport","JP","Mostly Sunny","Small-Scale Delay"
"ITM","Osaka International Airport","JP","Sunny","Busy"
"HND","Tokyo Haneda International Airport","JP","Mostly Sunny","Busy"
"OKO","Yokota Air Base","JP","Foggy","Large-Scale Delay"
"MWX","Muan International Airport","KR","Mostly Sunny","Small-Scale Delay"
"KUV","Kunsan Air Base","KR","Mostly Sunny","Normal"
"CJU","Jeju International Airport","KR","Mostly Sunny","Large-Scale Delay"
"PUS","Gimhae International Airport","KR","Partly Cloudy","Large-Scale Delay"
"ICN","Incheon International Airport","KR","Mostly Sunny","Normal"
"OSN","Osan Air Base","KR","Foggy","Small-Scale Delay"
"GMP","Gimpo International Airport","KR","Partly Cloudy","Large-Scale Delay"
"CJJ","Cheongju International Airport/Cheongju Air Base (K-59/G-513)","KR","Sunny","Normal"
"OKA","Naha Airport","JP","Mostly Sunny","Busy"
"DNA","Kadena Air Base","JP","Heavy Snowy","Small-Scale Delay"
"CRK","Diosdado Macapagal International Airport","PH","Sunny","Free"
"MNL","Ninoy Aquino International Airport","PH","Sunny","Small-Scale Delay"
"DVO","Francisco Bangoy International Airport","PH","Mostly Sunny","Busy"
"CEB","Mactan Cebu International Airport","PH","Mostly Sunny","Free"
"GRV","Grozny North Airport","RU","Cloudy","Small-Scale Delay"
"EZE","Ministro Pistarini International Airport","AR","Partly Cloudy","Busy"
"BEL","Val de Cans/JÃºlio Cezar Ribeiro International Airport","BR","Heavy Rainy","Large-Scale Delay"
"BSB","Presidente Juscelino Kubitschek International Airport","BR","Mostly Sunny","Busy"
"CNF","Tancredo Neves International Airport","BR","Partly Cloudy","Busy"
"CWB","Afonso Pena Airport","BR","Partly Cloudy","Busy"
"MAO","Eduardo Gomes International Airport","BR","Cloudy","Normal"
"FLN","HercÃ­lio Luz International Airport","BR","Sunny","Busy"
"GIG","Rio GaleÃ£o â Tom Jobim International Airport","BR","Mostly Sunny","Normal"
"GRU","Guarulhos - Governador AndrÃ© Franco Montoro International Airport","BR","Cloudy","Normal"
"NAT","Governador AluÃ­zio Alves International Airport","BR","Sunny","Large-Scale Delay"
"CGH","Congonhas Airport","BR","Foggy","Small-Scale Delay"
"SSA","Deputado Luiz Eduardo MagalhÃ£es International Airport","BR","Mostly Sunny","Normal"
"SCL","Comodoro Arturo Merino BenÃ­tez International Airport","CL","Mostly Sunny","Free"
"LTX","Cotopaxi International Airport","EC","Sunny","Small-Scale Delay"
"UIO","Mariscal Sucre International Airport","EC","Mostly Sunny","Large-Scale Delay"
"BOG","El Dorado International Airport","CO","Cloudy","Busy"
"VVI","Viru Viru International Airport","BO","Cloudy","Busy"
"LIM","Jorge ChÃ¡vez International Airport","PE","Partly Cloudy","Normal"
"CUZ","Alejandro Velasco Astete International Airport","PE","Sunny","Free"
"MVD","Carrasco International /General C L Berisso Airport","UY","Sunny","Busy"
"BLA","General JosÃ© Antonio Anzoategui International Airport","VE","Cloudy","Busy"
"CCS","SimÃ³n BolÃ­var International Airport","VE","Partly Cloudy","Small-Scale Delay"
"PTP","Pointe-Ã -Pitre Le Raizet","GP","Cloudy","Normal"
"SJU","Luis Munoz Marin International Airport","PR","Partly Cloudy","Busy"
"NBE","Enfidha - Hammamet International Airport","TN","Foggy","Busy"
"SXM","Princess Juliana International Airport","SX","Partly Cloudy","Free"
"ALA","Almaty Airport","KZ","Partly Cloudy","Free"
"TSE","Astana International Airport","KZ","Partly Cloudy","Busy"
"FRU","Manas International Airport","KG","Cloudy","Normal"
"KGF","Sary-Arka Airport","KZ","Mostly Sunny","Small-Scale Delay"
"GYD","Heydar Aliyev International Airport","AZ","Cloudy","Busy"
"EVN","Zvartnots International Airport","AM","Partly Cloudy","Normal"
"TBS","Tbilisi International Airport","GE","Mostly Sunny","Busy"
"KHV","Khabarovsk-Novy Airport","RU","Cloudy","Busy"
"KBP","Boryspil International Airport","UA","Mostly Sunny","Normal"
"SIP","Simferopol International Airport","UA","Mostly Sunny","Large-Scale Delay"
"HRK","Kharkiv International Airport","UA","Cloudy","Normal"
"ODS","Odessa International Airport","UA","Partly Cloudy","Large-Scale Delay"
"LED","Pulkovo Airport","RU","Sunny","Normal"
"MSQ","Minsk National Airport","BY","Cloudy","Normal"
"KJA","Yemelyanovo Airport","RU","Mostly Sunny","Normal"
"OVB","Tolmachevo Airport","RU","Mostly Sunny","Normal"
"ROV","Platov International Airport","RU","Cloudy","Normal"
"AER","Sochi International Airport","RU","Partly Cloudy","Large-Scale Delay"
"SVX","Koltsovo Airport","RU","Cloudy","Small-Scale Delay"
"ASB","Ashgabat International Airport","TM","Partly Cloudy","Small-Scale Delay"
"TAS","Tashkent International Airport","UZ","Partly Cloudy","Busy"
"ZIA","Zhukovsky International Airport","RU","Partly Cloudy","Busy"
"DME","Domodedovo International Airport","RU","Cloudy","Large-Scale Delay"
"SVO","Sheremetyevo International Airport","RU","Partly Cloudy","Normal"
"VKO","Vnukovo International Airport","RU","Heavy Snowy","Small-Scale Delay"
"KZN","Kazan International Airport","RU","Partly Cloudy","Busy"
"UFA","Ufa International Airport","RU","Heavy Rainy","Large-Scale Delay"
"KUF","Kurumoch International Airport","RU","Partly Cloudy","Normal"
"BOM","Chhatrapati Shivaji International Airport","IN","Sunny","Free"
"GOI","Dabolim Airport","IN","Mostly Sunny","Busy"
"CMB","Bandaranaike International Colombo Airport","LK","Cloudy","Normal"
"HRI","Mattala Rajapaksa International Airport","LK","Partly Cloudy","Busy"
"PNH","Phnom Penh International Airport","KH","Partly Cloudy","Normal"
"REP","Siem Reap International Airport","KH","Sunny","Small-Scale Delay"
"CCU","Netaji Subhash Chandra Bose International Airport","IN","Mostly Sunny","Small-Scale Delay"
"DAC","Hazrat Shahjalal International Airport","BD","Mostly Sunny","Normal"
"ATQ","Sri Guru Ram Dass Jee International Airport","IN","Sunny","Busy"
"DEL","Indira Gandhi International Airport","IN","Partly Cloudy","Normal"
"KTM","Tribhuvan International Airport","NP","Partly Cloudy","Free"
"BLR","Kempegowda International Airport","IN","Mostly Sunny","Normal"
"COK","Cochin International Airport","IN","Mostly Sunny","Large-Scale Delay"
"CCJ","Calicut International Airport","IN","Mostly Sunny","Normal"
"HYD","Rajiv Gandhi International Airport","IN","Sunny","Normal"
"MAA","Chennai International Airport","IN","Cloudy","Busy"
"TRV","Trivandrum International Airport","IN","Sunny","Small-Scale Delay"
"MLE","MalÃ© International Airport","MV","Sunny","Normal"
"DMK","Don Mueang International Airport","TH","Sunny","Normal"
"BKK","Suvarnabhumi Airport","TH","Sunny","Normal"
"CNX","Chiang Mai International Airport","TH","Mostly Sunny","Busy"
"HKT","Phuket International Airport","TH","Mostly Sunny","Small-Scale Delay"
"DAD","Da Nang International Airport","VN","Cloudy","Busy"
"HAN","Noi Bai International Airport","VN","Partly Cloudy","Normal"
"SGN","Tan Son Nhat International Airport","VN","Rainy","Normal"
"MDL","Mandalay International Airport","MM","Mostly Sunny","Normal"
"RGN","Yangon International Airport","MM","Foggy","Busy"
"UPG","Hasanuddin International Airport","ID","Mostly Sunny","Busy"
"DPS","Ngurah Rai (Bali) International Airport","ID","Mostly Sunny","Busy"
"DJJ","Sentani International Airport","ID","Partly Cloudy","Free"
"SUB","Juanda International Airport","ID","Partly Cloudy","Free"
"SOQ","Dominique Edward Osok Airport","ID","Cloudy","Small-Scale Delay"
"BWN","Brunei International Airport","BN","Sunny","Small-Scale Delay"
"CGK","Soekarno-Hatta International Airport","ID","Mostly Sunny","Busy"
"KNO","Kualanamu International Airport","ID","Sunny","Busy"
"KUL","Kuala Lumpur International Airport","MY","Mostly Sunny","Normal"
"SIN","Singapore Changi Airport","SG","Mostly Sunny","Large-Scale Delay"
"BNE","Brisbane International Airport","AU","Mostly Sunny","Large-Scale Delay"
"MEL","Melbourne International Airport","AU","Mostly Sunny","Busy"
"YNT","Yantai Penglai International Airport","CN","Foggy","Busy"
"ADL","Adelaide International Airport","AU","Mostly Sunny","Busy"
"PER","Perth International Airport","AU","Partly Cloudy","Normal"
"CBR","Canberra International Airport","AU","Partly Cloudy","Small-Scale Delay"
"SYD","Sydney Kingsford Smith International Airport","AU","Partly Cloudy","Large-Scale Delay"
"PEK","Beijing Capital International Airport","CN","Sunny","Busy"
"PKX","Beijing Daxing International Airport","CN","Partly Cloudy","Large-Scale Delay"
"HET","Baita International Airport","CN","Sunny","Busy"
"NAY","Beijing Nanyuan Airport","CN","Partly Cloudy","Normal"
"TSN","Tianjin Binhai International Airport","CN","Sunny","Small-Scale Delay"
"TYN","Taiyuan Wusu Airport","CN","Sunny","Busy"
"CAN","Guangzhou Baiyun International Airport","CN","Partly Cloudy","Free"
"CSX","Changsha Huanghua International Airport","CN","Partly Cloudy","Busy"
"KWL","Guilin Liangjiang International Airport","CN","Sunny","Free"
"NNG","Nanning Wuxu Airport","CN","Partly Cloudy","Normal"
"SZX","Shenzhen Bao'an International Airport","CN","Partly Cloudy","Small-Scale Delay"
"CGO","Zhengzhou Xinzheng International Airport","CN","Partly Cloudy","Free"
"WUH","Wuhan Tianhe International Airport","CN","Partly Cloudy","Free"
"HAK","Haikou Meilan International Airport","CN","Sunny","Normal"
"SYX","Sanya Phoenix International Airport","CN","Heavy Snowy","Normal"
"XIY","Xi'an Xianyang International Airport","CN","Mostly Sunny","Small-Scale Delay"
"UBN","Ulaanbaatar International Airport","MN","Mostly Sunny","Large-Scale Delay"
"ULN","Buyant-Ukhaa International Airport","MN","Mostly Sunny","Large-Scale Delay"
"KMG","Kunming Changshui International Airport","CN","Partly Cloudy","Normal"
"XMN","Xiamen Gaoqi International Airport","CN","Mostly Sunny","Small-Scale Delay"
"FOC","Fuzhou Changle International Airport","CN","Sunny","Small-Scale Delay"
"HGH","Hangzhou Xiaoshan International Airport","CN","Sunny","Busy"
"TNA","Yaoqiang Airport","CN","Mostly Sunny","Normal"
"NGB","Ningbo Lishe International Airport","CN","Partly Cloudy","Small-Scale Delay"
"NKG","Nanjing Lukou Airport","CN","Mostly Sunny","Normal"
"PVG","Shanghai Pudong International Airport","CN","Mostly Sunny","Large-Scale Delay"
"SHA","Shanghai Hongqiao International Airport","CN","Partly Cloudy","Small-Scale Delay"
"WNZ","Wenzhou Longwan International Airport","CN","Sunny","Free"
"CKG","Chongqing Jiangbei International Airport","CN","Partly Cloudy","Normal"
"KWE","Longdongbao Airport","CN","Partly Cloudy","Large-Scale Delay"
"CTU","Chengdu Shuangliu International Airport","CN","Partly Cloudy","Small-Scale Delay"
"URC","ÃrÃ¼mqi Diwopu International Airport","CN","Partly Cloudy","Free"
"HRB","Taiping Airport","CN","Mostly Sunny","Busy"
"DLC","Zhoushuizi Airport","CN","Sunny","Small-Scale Delay"
"SHE","Taoxian Airport","CN","Heavy Snowy","Busy"
