"regis_no","flight_no","flight_status","dept_iata","ariv_iata"
"C464589","MS385","Cancel","ROC","SJC"
"HE82724","MS802","On-Time","SJC","SAT"
"F471027","MS560","Delay","GSP","BSL"
"DV83073","MS851","Cancel","HAK","ACC"
"WG93650","MS664","Delay","PEK","BLA"
"TQ37615","MS167","Cancel","MKE","DCA"
"AG78197","MS719","Cancel","END","BLA"
"HN20038","MS412","Cancel","DAY","ADA"
"UE19825","MS107","Cancel","DAY","BCN"
"AR55177","MS163","Cancel","CAN","ITM"
"QK69420","MS907","Cancel","PEK","WUH"
"VF51525","MS199","Cancel","ROC","MCI"
"N040434","MS924","Cancel","DAY","UBN"
"OV48279","MS503","On-Time","IND","DTW"
"B217059","MS897","Delay","TSN","LTK"
"HU76983","GK266","Delay","NNG","PTY"
"TQ14341","GK448","Cancel","TSN","SKT"
"BL62976","GK670","On-Time","WUH","TSE"
"OK34382","GK583","Cancel","ORF","ICT"
"ZS95452","GK512","Cancel","FOC","ICT"
"VX71227","GK721","Delay","MCI","ACC"
"WP85488","GK944","Delay","MSN","KAN"
"PX63116","GK635","Delay","KWL","PRN"
"WP70477","GK663","Delay","HRB","CEB"
"MW40322","GK558","Cancel","TYN","PRN"
"S639606","GK286","Delay","HRB","SAL"
"UD16361","GK628","Delay","TOL","DAY"
"VI45959","GK174","On-Time","CAN","PRN"
"O482585","GK122","On-Time","SAT","DJJ"
"TZ43271","GK151","Cancel","HGH","OMA"
"UA60452","Z7830","On-Time","TSN","YVR"
"RC78819","Z7890","Delay","ORF","RST"
"ZU28510","Z7717","Delay","MCI","MCI"
"PK27135","Z7457","Delay","PEK","PFO"
"QT59189","Z7528","On-Time","LIT","DBQ"
"UL56749","Z7828","On-Time","VBG","NUE"
"E956137","Z7150","Delay","CLE","CGN"
"B139849","Z7366","On-Time","NGB","DJJ"
"F714217","Z7646","On-Time","PEK","MCI"
"LR19845","Z7532","Delay","WUH","ISE"
"WZ25234","Z7245","On-Time","DAY","LOS"
"AW18116","Z7673","Cancel","END","HYD"
"S938107","Z7634","On-Time","PEK","BDL"
"PI64488","Z7237","On-Time","MBS","MCI"
"P971903","Z7381","Delay","IND","MBS"
"WU77279","AS853","Cancel","NKG","ERI"
"SO63257","AS835","Delay","ORF","KMG"
"RP80878","AS861","Cancel","IND","ZNZ"
"LH44836","AS272","Cancel","CAN","DSM"
"HS74471","AS741","Cancel","TYN","SAT"
"MO20647","AS160","On-Time","ORF","ABZ"
"QZ62428","AS814","Cancel","LIT","BLA"
"LO30203","AS243","Cancel","SJC","ISE"
"OG79306","AS768","On-Time","NGB","BDL"
"WX31524","AS416","Cancel","MSN","KAN"
"HN39364","AS820","On-Time","ROC","AGP"
"I316360","AS343","Delay","IND","MAN"
"HQ21551","AS799","Cancel","KWL","BEG"
"NY80762","AS891","Cancel","PVG","HRE"
"XO61031","AS857","On-Time","TSN","KMG"
"IT60376","N7731","Delay","MSN","GRV"
"IP96318","N7419","On-Time","SHE","TUL"
"SQ22284","N7263","Delay","KWL","DLH"
"SM30666","N7529","Delay","SAT","TUN"
"PH67351","N7458","Cancel","HAK","SDQ"
"CV98587","N7539","On-Time","END","TGD"
"JY18115","N7207","Cancel","CAN","BOM"
"T428328","N7441","On-Time","HRB","GUS"
"R221968","N7702","Delay","SJC","FIH"
"XR32668","N7362","On-Time","TOL","SAN"
"WV45969","N7611","Cancel","PHL","BWN"
"I683668","N7651","Cancel","CAE","TUN"
"F469731","N7353","Cancel","RDU","ORK"
"Q472311","N7708","Cancel","KWL","ERI"
"L544625","N7111","On-Time","SZX","FIH"
"J985262","Y9360","Cancel","CAN","WUH"
"V131505","Y9671","Cancel","NKG","TGD"
"B281843","Y9488","On-Time","TSN","LTK"
"GV38377","Y9424","Cancel","PEK","YVR"
"ST59806","Y9627","Cancel","DAY","KAN"
"MD45661","Y9211","Delay","RDU","BCN"
"MG55683","Y9661","On-Time","RDU","MAA"
"RL38507","Y9464","Cancel","NGB","SJC"
"SE29832","Y9452","Cancel","HGH","BWN"
"U533322","Y9235","On-Time","PHL","SCQ"
"YC57486","Y9487","On-Time","NGB","SDQ"
"R594031","Y9792","Cancel","MKE","ADA"
"Z957615","Y9840","On-Time","KWL","CMH"
"BW60821","Y9467","On-Time","TSN","HRE"
"IF17439","Y9206","Cancel","IND","SCQ"
"AJ62754","DSV193","Delay","MSN","RMS"
"FP50403","DSV400","On-Time","KWL","LCA"
"VY15373","DSV483","On-Time","LIT","TPA"
"JR39548","DSV281","Delay","WUH","BOS"
"V329383","DSV169","Delay","IND","HAN"
"NZ49581","DSV825","Cancel","CAE","GOA"
"G593666","DSV599","On-Time","VBG","ABZ"
"B545657","DSV758","Delay","FOC","ERZ"
"PL83800","DSV392","Cancel","SZX","MBS"
"CA96298","DSV197","Cancel","MKE","TUL"
"P625790","DSV209","Cancel","WUH","TBZ"
"LD25321","DSV588","On-Time","MSN","BWI"
"DI78406","DSV542","On-Time","HRB","OSN"
"AO28429","DSV562","Cancel","GSP","KMG"
"X015769","DSV144","Delay","DAY","GUS"
"Y182001","LH728","Cancel","NKG","TBZ"
"M696164","LH489","On-Time","HGH","CGN"
"TR89160","LH210","Delay","MBS","OTP"
"PJ83131","LH755","On-Time","ORF","ICN"
"MK21368","LH383","On-Time","MCI","BWI"
"IC33216","LH391","On-Time","FOC","GUS"
"NT46430","LH565","On-Time","SZX","FIH"
"OQ72535","LH299","Delay","RDU","YYT"
"KD43486","LH998","On-Time","PHL","BCN"
"LA71019","LH752","Cancel","TOL","TRV"
"ZL61013","LH340","On-Time","HAK","DBQ"
"GS40842","LH329","Delay","MKE","EVN"
"PC31121","LH573","Cancel","SJC","DTW"
"I135632","LH129","Cancel","SHE","CUZ"
"MA80632","LH508","Cancel","HGH","ICN"
"H834424","AA696","On-Time","DAY","DJJ"
"I268678","AA690","Cancel","VBG","ZIA"
"FF57279","AA733","Delay","SHE","ERI"
"C573194","AA615","On-Time","RDU","HEL"
"AK15140","AA389","Cancel","SAT","ACA"
"FT26660","AA762","Delay","IND","LCA"
"D257190","AA440","On-Time","SJC","KEF"
"XL21477","AA595","On-Time","MKE","MCI"
"IX35219","AA139","On-Time","KWL","BOM"
"PA47694","AA523","Delay","MBS","KWE"
"QN91011","AA868","Delay","HSV","SAL"
"RK12506","AA305","On-Time","WUH","ORK"
"K248623","AA993","Cancel","CLE","SAT"
"FJ26430","AA354","Cancel","ROC","CMN"
"IQ91358","AA345","Cancel","ROC","ORK"
"V893208","HU747","On-Time","ORF","KAN"
"GR97278","HU969","Cancel","SJC","DCA"
"VQ54186","HU999","Delay","VBG","SAL"
"PG82179","HU121","Delay","SJC","ZNZ"
"YM41665","HU649","Delay","NGB","BTS"
"QE16655","HU586","Delay","MSN","MAN"
"XN21483","HU680","Cancel","VBG","NBE"
"ET76777","HU365","On-Time","HIB","UBN"
"W299434","HU623","On-Time","CAN","OTP"
"MD64300","HU846","On-Time","KWL","DTW"
"MN39894","HU594","Cancel","END","YYT"
"GK68608","HU975","Delay","RDU","BWI"
"D441026","HU710","On-Time","LIT","ACC"
"F688331","HU459","On-Time","GSP","RMS"
"RI57422","HU918","On-Time","TYN","KEF"
"UK27319","QZ141","Cancel","GSP","ZIA"
"OO76816","QZ461","Delay","SHE","HAJ"
"DO87597","QZ974","On-Time","DAY","LCK"
"YF81526","QZ906","Delay","FOC","PRN"
"SG76990","QZ101","Cancel","HIB","DCA"
"IW26063","QZ241","Cancel","NNG","UBN"
"DT39733","QZ368","Cancel","KWL","EVN"
"HG61329","QZ431","Cancel","HRB","ISL"
"IK34015","QZ602","Delay","RDU","BDL"
"RS77818","QZ848","On-Time","PVG","MAN"
"SS13244","QZ342","Delay","SJC","BCN"
"LO89122","QZ939","Delay","MBS","PTY"
"UM74264","QZ535","On-Time","SJC","SHJ"
"BK77597","QZ367","Cancel","SHA","ERZ"
"BU75607","QZ290","On-Time","CAE","BLL"
"AE54612","BUR433","Delay","MSN","BSL"
"V692697","BUR114","Cancel","ORF","ORK"
"EI27901","BUR292","Cancel","VBG","YYZ"
"A161413","BUR119","On-Time","HAK","HEL"
"HM58307","BUR855","Cancel","SHA","BTS"
"EX49106","BUR847","Cancel","FOC","CMN"
"MA83017","BUR796","On-Time","ORF","CUZ"
"YV32778","BUR655","Cancel","PEK","ORK"
"FP24904","BUR605","On-Time","TOL","DNA"
"FJ72942","BUR468","Delay","LIT","GEG"
"D912152","BUR579","Cancel","SAT","KIX"
"H289249","BUR597","Delay","TYN","KMG"
"HG61456","BUR159","On-Time","PEK","ORK"
"FC55159","BUR849","On-Time","SJC","KIX"
"S797853","BUR364","Delay","SJC","SHJ"
"AP80260","MU191","Cancel","MBS","MEM"
"W181679","MU636","On-Time","LIT","CRK"
"IY87396","MU470","Cancel","GSP","ISE"
"NZ16890","MU109","Delay","WUH","GEG"
"ES88832","MU249","Cancel","MSN","SPI"
"D080282","MU960","On-Time","HSV","KAN"
"D412459","MU264","On-Time","DAY","BWI"
"YV60564","MU232","On-Time","SAT","MLU"
"CX56054","MU683","Delay","VBG","CAE"
"DX22477","MU317","On-Time","PEK","HEL"
"ZS99861","MU771","On-Time","VBG","BOM"
"RZ47778","MU899","Delay","NKG","BTS"
"ZX97198","MU965","On-Time","MSN","LCK"
"DG44175","MU863","Cancel","CAE","MAN"
"FX62042","MU952","On-Time","TSN","EVN"
"CL16145","EA190","Cancel","IND","CUZ"
"D539913","EA640","Delay","END","DTW"
"MK59015","EA657","On-Time","SAT","HRG"
"M515455","EA520","Cancel","MKE","YYZ"
"RE41948","EA842","Cancel","HIB","ISE"
"R574842","EA930","Cancel","FOC","BLL"
"YM26812","EA149","Delay","SHE","TUN"
"FG89640","EA934","On-Time","CLE","GOA"
"E428497","EA279","On-Time","PVG","ZNZ"
"N882546","EA966","Cancel","ROC","AYT"
"XX51146","EA812","On-Time","TYN","OTP"
"X471938","EA308","Cancel","GSP","WUH"
"E119164","EA501","On-Time","SZX","ZNZ"
"XW56622","EA259","Cancel","SZX","KAN"
"O975291","EA689","Cancel","VBG","SKT"
"DR33825","MSE979","On-Time","GSP","ADA"
"J698977","MSE219","On-Time","LIT","CUZ"
"L072916","MSE116","Cancel","VBG","CGN"
"RI48101","MSE675","On-Time","HRB","MAN"
"R142118","MSE705","Cancel","TOL","MEM"
"V694489","MSE471","On-Time","NKG","HAJ"
"JM78016","MSE373","Cancel","SHA","YHZ"
"OI93347","MSE531","Cancel","NKG","ITM"
"PS91594","MSE900","On-Time","SHA","RND"
"DA46380","MSE880","On-Time","FOC","GBE"
"BV99256","MSE989","Delay","TYN","BWI"
"AT48713","MSE331","Cancel","GSP","DCA"
"X538585","MSE476","Delay","PEK","BWI"
"SD33049","MSE496","Cancel","PEK","CGN"
"EE66549","MSE916","Delay","FOC","RAR"
"T953711","MH502","Cancel","LIT","MEM"
"HU33959","MH942","Delay","VBG","OMA"
"NH61172","MH402","On-Time","PEK","PFO"
"YV81048","MH559","On-Time","HGH","DBQ"
"YF70069","MH196","Delay","NGB","SDQ"
"MV15753","MH497","On-Time","ORF","BLL"
"I252820","MH804","On-Time","HGH","IND"
"ZN45137","MH806","Delay","WUH","TIJ"
"A730100","MH425","On-Time","PHL","GEG"
"NU19406","MH672","On-Time","PHL","GOA"
"BN47452","MH589","Delay","HSV","DTW"
"RF96683","MH421","Delay","HGH","PRN"
"V469355","MH626","On-Time","CAE","TBZ"
"XT33226","MH774","Cancel","END","BTS"
"PY66593","MH958","Cancel","PVG","LUN"
"BG94656","UH809","On-Time","NNG","BWI"
"S755695","UH212","Delay","TSN","PRN"
"BF76420","UH265","On-Time","HIB","CMN"
"JL49802","UH484","On-Time","SJC","ISE"
"IT73428","UH370","Delay","CAE","MAA"
"GI88503","UH493","On-Time","SHA","DBQ"
"JY72758","UH324","Cancel","HGH","CMH"
"Y522070","UH784","On-Time","ORF","HRE"
"X449240","UH335","Cancel","CAN","TUN"
"Q021566","UH935","Cancel","HSV","AFW"
"BL84978","UH910","Delay","NKG","ZIA"
"CV51257","UH403","Delay","DAY","ERZ"
"YS96265","UH616","Cancel","HRB","OSN"
"YL62063","UH429","Cancel","RDU","DAY"
"KG94552","UH962","Cancel","NNG","MAA"
"FX38394","FV780","On-Time","SAT","LCK"
"SX16085","FV601","On-Time","FOC","TUL"
"K629243","FV992","On-Time","MKE","DTW"
"R081220","FV620","Delay","DAY","HYD"
"EU19952","FV707","On-Time","HAK","PDL"
"U541105","FV933","Cancel","HGH","HAN"
"Q047322","FV105","Cancel","PVG","STL"
"CW14948","FV604","Delay","MBS","EVN"
"N736307","FV158","Cancel","PHL","LCA"
"JV55375","FV723","Cancel","TSN","DCA"
"LC96741","FV442","Cancel","NGB","SPI"
"E249508","FV154","Delay","SHE","AGP"
"XA42589","FV725","Delay","TYN","KMG"
"N991849","FV393","On-Time","MSN","YHZ"
"KS78987","FV432","Delay","ROC","JFK"
"UN57013","SK994","Delay","IND","ORK"
"X116535","SK932","Cancel","ROC","BLL"
"G635057","SK276","Delay","KWL","CMH"
"BH61506","SK701","Delay","WUH","ORK"
"MS55019","SK895","Delay","MKE","DLH"
"X543761","SK827","Delay","MCI","OTP"
"P993301","SK173","On-Time","RDU","HRE"
"BL56307","SK162","Cancel","VBG","RST"
"AN16410","SK834","On-Time","HIB","ERZ"
"V732413","SK909","Cancel","TYN","CGN"
"AF56595","SK995","On-Time","HIB","PRN"
"MI86223","SK303","On-Time","VBG","HEL"
"BP99811","SK977","On-Time","HRB","GOA"
"RI77716","SK870","Cancel","GSP","YYT"
"LK80038","SK275","Cancel","HRB","HRG"
"S060470","7W307","Cancel","HIB","LTK"
"JA97906","7W869","On-Time","HGH","DLH"
"DL51634","7W856","Delay","GSP","HRG"
"GF93130","7W754","On-Time","NNG","ZNZ"
"L694058","7W821","On-Time","NGB","PRN"
"KG91245","7W988","On-Time","SHE","SCQ"
"CS55016","7W990","Delay","HSV","KMG"
"MG82613","7W743","Cancel","HSV","FIH"
"KX33050","7W866","Cancel","MCI","YYZ"
"TG32460","7W872","Cancel","ROC","WUH"
"DG11250","7W950","Cancel","GSP","MBS"
"Y812405","7W330","Delay","HAK","SAN"
"LU95862","7W321","Cancel","PEK","SCQ"
"M769947","7W572","On-Time","TYN","YHZ"
"JY74234","7W720","Cancel","MKE","ISE"
"WQ16876","CA750","On-Time","CAN","MAA"
"NI38385","CA763","Delay","NKG","MEM"
"ZF17492","CA570","On-Time","SAT","KMG"
"QD27517","CA925","On-Time","VBG","BEG"
"QX84173","CA927","On-Time","DAY","MEM"
"OX36471","CA860","Cancel","CAN","ICN"
"UN57507","CA248","Cancel","HGH","GRV"
"ZI93930","CA574","Cancel","MBS","BLL"
"HF48942","CA183","On-Time","PEK","BCN"
"VR57164","CA492","Delay","CLE","PDL"
"ZN27898","CA609","Delay","SHE","STL"
"TQ90743","CA270","Delay","SHE","SHJ"
"UF25136","CA734","Cancel","CAN","ZIA"
"C034299","CA405","Delay","GSP","PFO"
"AH11264","CA466","Cancel","TOL","ABZ"
"PB53014","6O986","Delay","END","ITM"
"V836285","6O694","On-Time","HIB","BEG"
"JN59416","6O477","Delay","VBG","SAT"
"FH33719","6O715","On-Time","FOC","ISL"
"DM99354","6O971","Cancel","IND","SDQ"
"YH80338","6O850","On-Time","WUH","SAT"
"RC98668","6O247","Delay","ORF","CRK"
"AV72077","6O839","On-Time","WUH","CEB"
"WI15132","6O201","Delay","WUH","ITM"
"FF53946","6O491","Cancel","CAN","LCA"
"BG84706","6O469","Delay","MCI","DNA"
"LV85219","6O176","On-Time","SAT","BOS"
"HX72997","6O170","On-Time","NGB","AFW"
"QM95314","6O666","Delay","CAE","ERZ"
"LX57455","6O186","Cancel","HIB","ERI"
"Q147234","QL344","Cancel","CAN","MAN"
"WB27133","QL298","On-Time","FOC","LTK"
"XH34317","QL294","On-Time","IND","LUN"
"AQ19986","QL819","Delay","RDU","HAN"
"CC23491","QL465","Delay","HAK","NBE"
"HW52450","QL823","Cancel","DAY","BDL"
"D553656","QL428","On-Time","HAK","OMA"
"QX17683","QL957","Delay","SZX","KAN"
"K453378","QL737","Delay","HIB","KIX"
"T088636","QL782","Cancel","CAE","HRE"
"YO41476","QL578","On-Time","MCI","FIH"
"UD83068","QL585","On-Time","ROC","ICT"
"QT43576","QL590","Cancel","VBG","KIX"
"YD51669","QL652","On-Time","MSN","TSE"
"E151097","QL607","Delay","ROC","TUL"
"SI76408","RMK398","Cancel","HGH","STL"
"QC56771","RMK913","Cancel","NNG","YHZ"
"L438888","RMK494","Cancel","CAE","LXR"
"LA46531","RMK742","Delay","TYN","CAE"
"X813744","RMK216","On-Time","MKE","IND"
"RX43100","RMK948","On-Time","CLE","CLE"
"RB23527","RMK284","Cancel","HIB","MAN"
"CZ27993","RMK843","Delay","SHE","ERZ"
"BA78989","RMK724","On-Time","MBS","BOG"
"VU85926","RMK118","Cancel","SHA","CMH"
"SW28358","RMK524","Cancel","TSN","ACA"
"PG22692","RMK426","On-Time","VBG","SHJ"
"QA45771","RMK289","Delay","GSP","RAR"
"Y419823","RMK926","Cancel","HRB","TFN"
"CE73058","RMK639","On-Time","ORF","KAN"
"UV83587","MD474","Cancel","PEK","TFN"
"PR33675","MD871","On-Time","TYN","TFN"
"S654938","MD229","Delay","WUH","BEG"
"UR69284","MD205","Delay","TYN","DSM"
"GD49515","MD304","On-Time","LIT","ISE"
"CR27959","MD346","Cancel","MBS","WUH"
"NF77766","MD208","Delay","RDU","TPA"
"ED70498","MD593","Delay","MCI","SDQ"
"YS84034","MD568","Cancel","PEK","HRE"
"M261062","MD832","Delay","CLE","DJJ"
"G252798","MD898","Delay","TSN","BSL"
"AP62348","MD527","Delay","TSN","SAT"
"G813645","MD288","On-Time","SAT","CMH"
"OF70765","MD632","On-Time","MKE","OMA"
"GF49122","MD647","Delay","SAT","CAE"
"FX47043","UA526","Delay","MSN","PDL"
"HO38381","UA883","Cancel","RDU","CGN"
"LO75185","UA658","Delay","DAY","MAA"
"QZ42276","UA386","Cancel","GSP","HRE"
"DK59405","UA794","On-Time","SHE","ZNZ"
"G447615","UA486","On-Time","PHL","GRV"
"IO10445","UA877","On-Time","HRB","DNA"
"RA31940","UA947","Delay","SHE","SHJ"
"HB79303","UA417","Cancel","NNG","DTW"
"QG80006","UA833","On-Time","NNG","GOA"
"NQ47997","UA912","Delay","LIT","LUN"
"UB67244","UA250","Cancel","HSV","CLE"
"QN17200","UA662","Delay","MSN","SAN"
"F691541","UA709","Delay","ORF","TPA"
"OM42334","UA536","On-Time","TOL","WUH"
"HY30644","BGY878","On-Time","TYN","TSN"
"JJ73583","BGY311","Delay","HIB","OSN"
"CW91929","BGY479","Cancel","TSN","BUD"
"PE41912","BGY556","Delay","SAT","BLL"
"EJ25582","BGY803","Delay","HRB","MEM"
"CK42389","BGY800","On-Time","CAN","BCN"
"U982141","BGY841","On-Time","HGH","ISL"
"MW73563","BGY587","Delay","NKG","WUH"
"XA51410","BGY757","On-Time","END","SPI"
"PO24335","BGY409","Delay","MBS","ISL"
"MU39880","BGY378","Delay","TYN","BOM"
"J969815","BGY407","Cancel","RDU","HAN"
"Y643177","BGY612","On-Time","HRB","KIX"
"FQ75637","BGY204","On-Time","WUH","YYZ"
"YL41942","BGY789","Delay","CAN","TBZ"
"CO36596","CZ638","Delay","SHA","ERI"
"BC49058","CZ472","Cancel","HGH","TUN"
"F149307","CZ382","Delay","VBG","CGN"
"DI64889","CZ810","Delay","CAN","GRV"
"JN16541","CZ506","Delay","PVG","GRV"
"AJ31263","CZ826","On-Time","FOC","CEB"
"VG28299","CZ258","Delay","NGB","SAT"
"E470790","CZ997","Cancel","NGB","RND"
"BY38313","CZ227","Cancel","NKG","YVR"
"RW88923","CZ921","On-Time","CAE","KAN"
"DQ58947","CZ903","Delay","CAN","BEG"
"CV10744","CZ500","Cancel","IND","BOM"
"DV11533","CZ314","Cancel","KWL","AGP"
"HE86132","CZ533","Cancel","TYN","HYD"
"ST56683","CZ818","Cancel","FOC","OTP"
"G410370","YAP534","Delay","HIB","MLU"
"F177006","YAP240","On-Time","SJC","TUL"
"AB14396","YAP203","On-Time","MCI","DCA"
"HE49136","YAP481","Delay","NNG","SKT"
"IM67485","YAP115","Delay","ORF","KIX"
"C048800","YAP614","Delay","END","TBZ"
"ZO24757","YAP703","Delay","HSV","GOA"
"C247145","YAP613","On-Time","SHA","YHZ"
"O824055","YAP420","Delay","TOL","BWI"
"BN14310","YAP787","Cancel","END","MLU"
"AU30986","YAP182","Cancel","MSN","BSL"
"L925559","YAP697","Cancel","PHL","OMA"
"S331219","YAP541","On-Time","TYN","BOM"
"QH32707","YAP943","Cancel","NGB","GRV"
"L930249","YAP862","Delay","FOC","ZNZ"
"BJ32896","RL319","Delay","NKG","YYT"
"QN37018","RL413","Cancel","HSV","FIH"
"A044929","RL753","Cancel","IND","BCN"
"X684490","RL404","On-Time","PVG","LCK"
"TF25369","RL521","Delay","CAE","TSE"
"ZL47611","RL369","Delay","CAN","ERI"
"MZ22939","RL112","On-Time","MKE","ITM"
"QG85848","RL273","On-Time","SAT","AGP"
"AG11480","RL817","Delay","END","CMN"
"QE67430","RL551","Cancel","MBS","TPA"
"PV29441","RL629","Delay","NGB","BTS"
"RD24784","RL411","Delay","LIT","BSL"
"JK76259","RL770","Cancel","LIT","PFO"
"MY12791","RL262","Cancel","CAE","AFW"
"JE49613","RL653","On-Time","NKG","LUN"
"F348584","L6 946","Delay","SJC","TUL"
"B764584","L6 902","On-Time","HIB","SHJ"
"DR31741","L6 215","On-Time","PHL","HRG"
"SM90317","L6 350","Delay","MCI","AFW"
"KD52533","L6 213","Delay","SHA","KEF"
"YB19868","L6 711","Cancel","WUH","AGP"
"U752167","L6 781","Cancel","SHE","PFO"
"KP94984","L6 548","Cancel","WUH","DBQ"
"FZ92112","L6 896","Delay","SHA","DJJ"
"XK68536","L6 422","Cancel","ORF","DLH"
"PY87755","L6 836","Delay","HAK","LXR"
"CC17048","L6 679","Cancel","TSN","PRN"
"UR20201","L6 667","On-Time","NKG","LTK"
"QL53792","L6 777","On-Time","TOL","AGP"
"JA74100","L6 858","Delay","NGB","BWN"
"XZ90550","DL659","Cancel","FOC","BTS"
"VJ28448","DL600","Delay","END","SHJ"
"MH89346","DL126","On-Time","HRB","DNA"
"HA25581","DL480","Cancel","MKE","TRV"
"XR35145","DL522","Delay","FOC","CGN"
"FZ17926","DL225","On-Time","MSN","ICN"
"LO15054","DL351","Delay","NKG","TFN"
"P019920","DL793","Delay","WUH","SFB"
"UJ58896","DL736","Delay","CLE","NBE"
"BC62025","DL824","Cancel","CAN","MAN"
"DP62487","DL808","Cancel","WUH","KIX"
"Q338746","DL940","Delay","WUH","MAN"
"OQ81096","DL557","Delay","MBS","BEG"
"UX15682","DL171","On-Time","SZX","FIH"
"SI46275","DL603","On-Time","NKG","BSL"
"WT14701","TK786","Delay","KWL","STL"
"J242179","TK296","Cancel","CAE","TUN"
"F047576","TK291","On-Time","ORF","OSN"
"CI41841","TK415","Cancel","SHE","GEG"
"GJ65862","TK507","On-Time","SZX","LOS"
"BG20897","TK530","Delay","MCI","PDL"
"R590110","TK220","Delay","SZX","WUH"
"RT18273","TK443","On-Time","CAN","EVN"
"OD62248","TK687","Delay","NGB","TSN"
"N441180","TK892","On-Time","IND","DJJ"
"I734638","TK359","Cancel","SHE","JFK"
"G353648","TK699","On-Time","ORF","KMG"
"YV44871","TK177","Cancel","HIB","KEF"
"KV10695","TK323","On-Time","HIB","HAN"
"PZ50878","TK778","On-Time","SHA","TSN"
"OI39686","IG622","On-Time","HAK","MAA"
"SO68263","IG252","On-Time","SHA","KAN"
"BV19079","IG625","Delay","GSP","DCA"
"WL67776","IG929","Cancel","SZX","HEL"
"FW27758","IG712","Delay","MCI","MLU"
"P087566","IG384","Cancel","MKE","MAA"
"VE84838","IG716","Delay","SHA","MLU"
"XQ84037","IG829","Delay","SHE","SAN"
"BA31518","IG881","On-Time","FOC","TSE"
"LU39394","IG132","Delay","CLE","ORK"
"SE33416","IG984","Cancel","HSV","FIH"
"BL79363","IG221","Delay","SAT","CMN"
"Q917319","IG511","On-Time","GSP","TFN"
"T383666","IG920","On-Time","WUH","KAN"
"ZN89825","IG110","On-Time","HGH","CUZ"
"II34682","NDN642","Delay","FOC","HEL"
"PJ84856","NDN772","Cancel","IND","DTW"
"PK60928","NDN685","Cancel","TOL","TRV"
"T170274","NDN553","Delay","ROC","YYT"
"N834091","NDN744","Delay","CLE","ISL"
"V810811","NDN463","Cancel","HAK","IND"
"CI34176","NDN886","On-Time","END","TBZ"
"AV19617","NDN552","Delay","HAK","BEG"
"KM36900","NDN945","Delay","NKG","BDL"
"GL39439","NDN473","On-Time","SZX","PTY"
"YH85528","NDN437","Delay","KWL","HAN"
"ZD73866","NDN309","Cancel","HGH","ERZ"
"JM13886","NDN624","Delay","SAT","AYT"
"KH83527","NDN372","On-Time","MSN","SAL"
"QZ64723","NDN949","On-Time","HIB","FIH"
"L022139","G192","On-Time","MSN","SCQ"
"YW52660","G143","Cancel","TOL","CLE"
"N616925","G745","Cancel","SJC","CEB"
"AL69214","G844","Cancel","SAT","AGP"
"K672440","G348","Cancel","HSV","TUL"
"A416064","G194","Cancel","MSN","GBE"
"K791494","G576","Cancel","IND","BUD"
"BL51630","G660","Cancel","ROC","OMA"
"ZT22009","G145","Cancel","PEK","CEB"
"RD44376","G546","On-Time","ORF","KEF"
"ZJ61396","G867","Cancel","MBS","MAN"
"KH49170","G549","Delay","CAE","BSL"
"L295342","G980","Delay","SJC","BOS"
"NB94749","G914","Cancel","SZX","BOM"
"RC64247","G224","Delay","HSV","BSL"
"FM40739","YUZ164","On-Time","HSV","LUN"
"Q220212","YUZ760","Cancel","CAN","DJJ"
"XT89730","YUZ198","Cancel","HSV","ADA"
"JK81309","YUZ427","Cancel","HGH","ORK"
"LL73332","YUZ630","Cancel","SZX","AYT"
"U779206","YUZ813","On-Time","PEK","GUS"
"WJ24693","YUZ397","On-Time","SZX","DJJ"
"F078977","YUZ564","Delay","DAY","TIJ"
"X391074","YUZ435","On-Time","PEK","TSE"
"I827414","YUZ917","Delay","SJC","HYD"
"L364890","YUZ352","Delay","HRB","HRG"
"FY15710","YUZ735","On-Time","SHA","PFO"
"MH28238","YUZ254","Delay","FOC","SAN"
"R630878","YUZ280","Delay","HSV","KWE"
"NC68102","YUZ113","On-Time","RDU","MEM"
"SD87991","KA811","Delay","TSN","BDL"
"SQ55324","KA251","Delay","NGB","PRN"
"ND79620","KA537","Cancel","CAE","TSN"
"HI56700","KA967","Cancel","PHL","DLH"
"EM26166","KA785","Delay","HIB","NUE"
"UA91512","KA807","Delay","MKE","LCA"
"CQ66529","KA283","Cancel","CAN","PDL"
"C766347","KA882","Cancel","MBS","NBE"
"BJ88270","KA756","Cancel","ORF","KAN"
"BB39621","KA478","On-Time","HGH","LUN"
"KM74606","KA783","On-Time","PEK","BEG"
"CK61659","KA631","On-Time","NGB","SAL"
"OG91148","KA739","Delay","FOC","RMS"
"HS45523","KA185","Delay","DAY","SDQ"
"E783526","KA700","Delay","SJC","BOS"
"U684888","VA438","Cancel","SZX","YYZ"
"ON28761","VA766","Delay","PEK","IND"
"PD21254","VA955","On-Time","SAT","HAJ"
"A955561","VA816","Delay","VBG","DTW"
"E032026","VA358","Cancel","SHE","LTK"
"HH75497","VA617","Delay","LIT","KEF"
"NZ26522","VA764","On-Time","NKG","PRN"
"CD18852","VA341","Delay","LIT","BOS"
"MS26621","VA179","Cancel","SHE","LXR"
"F217032","VA976","Cancel","SAT","LCA"
"JJ31597","VA982","On-Time","SHA","BWN"
"Q748724","VA282","Cancel","VBG","WUH"
"Q711375","VA334","Delay","FOC","MAA"
"UA26706","VA447","Delay","MKE","LTK"
"KF56264","VA339","On-Time","RDU","ITM"
"LI53474","SE838","Delay","TYN","AYT"
"AU69054","SE961","Cancel","SHE","BCN"
"CL90800","SE301","On-Time","CAN","MBS"
"JH61684","SE406","Cancel","NKG","AKL"
"Z648127","SE318","Cancel","NKG","GUS"
"FA30008","SE178","Delay","ROC","OTP"
"FA71621","SE740","Delay","END","YYT"
"LJ11388","SE374","Cancel","GSP","PRN"
"MV87376","SE951","On-Time","PVG","CRK"
"W422547","SE226","Cancel","HIB","SHJ"
"M828957","SE550","Cancel","NGB","RAR"
"ZO89128","SE561","On-Time","ORF","ICT"
"JZ30465","SE278","Cancel","FOC","LOS"
"JS87146","SE805","Delay","MBS","BCN"
"XZ50110","SE682","On-Time","RDU","DAY"
"ED78063","OAC490","On-Time","CAN","STL"
"OS66074","OAC430","Delay","TYN","TSE"
"WL87992","OAC748","On-Time","KWL","SJC"
"KH75049","OAC485","Delay","HSV","BOM"
"RT22519","OAC135","Cancel","WUH","TRV"
"QX68075","OAC231","Delay","SZX","ICT"
"WY24189","OAC277","Cancel","NGB","BOM"
"BJ18275","OAC859","On-Time","NGB","BLA"
"UH83756","OAC837","On-Time","WUH","FIH"
"MV76555","OAC698","Cancel","NKG","ICN"
"VP88445","OAC274","Cancel","RDU","ACA"
"B379961","OAC394","Delay","CAN","PDL"
"HA98155","OAC540","Cancel","SAT","CEB"
"T615237","OAC972","Delay","PEK","LTK"
"MD29253","OAC161","On-Time","NNG","ORK"
"U815788","FD641","On-Time","MCI","TPA"
"NK33347","FD953","Cancel","WUH","CEB"
"C517003","FD815","On-Time","GSP","ACA"
"CV85879","FD936","On-Time","NNG","BOM"
"CG45530","FD769","Cancel","SHA","KIX"
"VQ68651","FD189","Delay","KWL","TFN"
"AS97559","FD608","On-Time","PEK","PTY"
"U188781","FD648","On-Time","SHE","HEL"
"G217818","FD257","On-Time","MBS","NUE"
"M458929","FD991","Cancel","HAK","MCI"
"EI81958","FD591","Delay","PVG","HRE"
"QM19906","FD864","Cancel","CAN","ICN"
"W198246","FD222","Delay","DAY","PRN"
"UZ68664","FD140","On-Time","CAE","ERI"
"WJ10999","FD153","Cancel","HIB","BTS"
"X582379","FNA515","Delay","CLE","ACC"
"WO31112","FNA239","Delay","TYN","FIH"
"KH46941","FNA928","Delay","CLE","BWI"
"HP31046","FNA408","Delay","HSV","GUS"
"A299277","FNA688","Delay","NGB","ISE"
"C463705","FNA722","Delay","CAE","BTS"
"SY59309","FNA643","Cancel","PHL","HAJ"
"VE51136","FNA959","On-Time","FOC","SAN"
"AI89560","FNA295","Delay","CAE","DSM"
"IK57802","FNA156","On-Time","RDU","AKL"
"FN57083","FNA765","Delay","ROC","MEM"
"RM31205","FNA187","Delay","PVG","LCA"
"NX10428","FNA509","Delay","HRB","BLL"
"RE69147","FNA875","Delay","SHA","LXR"
"O469699","FNA525","On-Time","MCI","AFW"
"F476850","Y7791","Delay","PVG","SKT"
"CZ11947","Y7333","Delay","CLE","CRK"
"JH87790","Y7776","On-Time","LIT","SCQ"
"FQ89093","Y7598","Cancel","MKE","DTW"
"Y535528","Y7214","Delay","GSP","DAY"
"JW93445","Y7313","Cancel","TYN","SHJ"
"RI57073","Y7165","Delay","END","ICT"
"PW66812","Y7234","Cancel","SAT","SAL"
"QS92830","Y7674","Delay","MSN","ATH"
"FF34163","Y7619","On-Time","END","CAE"
"YK23395","Y7285","Cancel","PHL","KIX"
"YW83891","Y7767","Cancel","TSN","TSN"
"Y971828","Y7142","Delay","NKG","LXR"
"CZ62244","Y7377","Delay","HGH","LCA"
"W386685","Y7253","Cancel","HIB","ACA"
"H834424","AA3471","On-Time","KWL","BDL"
"I268678","AA7455","Cancel","SZX","LTK"
"FF57279","AA1018","Cancel","CLE","KMG"
"C573194","AA9320","On-Time","PVG","GUS"
"AK15140","AA3451","Cancel","NNG","KIX"
"FT26660","AA8738","On-Time","SHE","SDQ"
"D257190","AA9987","Cancel","MBS","GUS"
"XL21477","AA6423","Cancel","PVG","TIJ"
"IX35219","AA5480","Delay","KWL","ATH"
"PA47694","AA7426","On-Time","SZX","TPA"
"QN91011","AA2513","On-Time","IND","SHJ"
"RK12506","AA7204","Cancel","PHL","MAA"
"K248623","AA6857","Delay","VBG","DNA"
"FJ26430","AA9006","Cancel","ORF","MEM"
"IQ91358","AA5026","Delay","HRB","BTS"
"V893208","HU9908","Cancel","GSP","CGN"
"GR97278","HU7104","Delay","NGB","HRE"
"VQ54186","HU2118","Delay","DAY","MAN"
"PG82179","HU1467","On-Time","TOL","IND"
"YM41665","HU3716","Cancel","VBG","BDL"
"QE16655","HU9009","On-Time","PHL","ATH"
"XN21483","HU6483","Delay","MKE","RMS"
"ET76777","HU2409","On-Time","MSN","BCN"
"W299434","HU9544","Cancel","CAE","HAN"
"MD64300","HU1336","Delay","MBS","LXR"
"MN39894","HU5178","Delay","MCI","BOG"
"GK68608","HU1623","Cancel","RDU","GUS"
"D441026","HU7612","On-Time","MCI","SAT"
"F688331","HU9939","On-Time","GSP","YHZ"
"RI57422","HU7832","On-Time","END","BLL"
"AP80260","MU6546","Delay","WUH","OTP"
"W181679","MU4936","Cancel","DAY","SJC"
"IY87396","MU7451","On-Time","FOC","AFW"
"NZ16890","MU3219","On-Time","HIB","AKL"
"ES88832","MU5259","Delay","NNG","MAN"
"D080282","MU9160","Cancel","LIT","CMH"
"D412459","MU5814","Cancel","NGB","TSN"
"YV60564","MU6161","On-Time","HAK","BTS"
"CX56054","MU5218","Delay","TOL","ISE"
"DX22477","MU7895","Cancel","MSN","GRV"
"ZS99861","MU9711","On-Time","HIB","UBN"
"RZ47778","MU2880","Delay","FOC","LTK"
"ZX97198","MU5240","Delay","TOL","PFO"
"DG44175","MU8431","Delay","MKE","TPA"
"FX62042","MU3178","On-Time","RDU","TIJ"
"WQ16876","CA7278","On-Time","TSN","BEG"
"NI38385","CA8312","Cancel","KWL","JFK"
"ZF17492","CA9527","Cancel","WUH","RND"
"QD27517","CA8919","Cancel","TYN","BOM"
"QX84173","CA8865","Delay","ORF","HRG"
"OX36471","CA4829","Delay","CAN","BCN"
"UN57507","CA5037","On-Time","HSV","CLE"
"ZI93930","CA1853","On-Time","MSN","DNA"
"HF48942","CA6209","Cancel","SHE","IND"
"VR57164","CA1595","Delay","ROC","BCN"
"ZN27898","CA5751","On-Time","MBS","GUS"
"TQ90743","CA8528","Delay","RDU","CMN"
"UF25136","CA2668","Delay","HAK","SFB"
"C034299","CA8823","Cancel","CAN","BSL"
"AH11264","CA5180","On-Time","HGH","TPA"
"FX47043","UA7702","On-Time","VBG","HAN"
"HO38381","UA9215","Delay","HAK","DBQ"
"LO75185","UA8239","On-Time","CLE","IND"
"QZ42276","UA5653","Cancel","GSP","BSL"
"DK59405","UA2778","Delay","SJC","ICN"
"G447615","UA8433","Cancel","NKG","MBS"
"IO10445","UA8287","Delay","LIT","DCA"
"RA31940","UA1658","Delay","DAY","PDL"
"HB79303","UA9473","Cancel","TSN","BDL"
"QG80006","UA5207","On-Time","NKG","GBE"
"NQ47997","UA1783","On-Time","SHA","KWE"
"UB67244","UA8001","On-Time","MCI","MAA"
"QN17200","UA8492","Delay","ORF","CRK"
"F691541","UA9595","On-Time","SAT","ATH"
"OM42334","UA1901","On-Time","SJC","AFW"
"XZ90550","DL3894","Delay","CAE","HYD"
"VJ28448","DL6165","Delay","PEK","YYT"
"MH89346","DL3766","On-Time","CAE","SFB"
"HA25581","DL5042","On-Time","GSP","EVN"
"XR35145","DL8511","Delay","FOC","YYZ"
"FZ17926","DL5615","On-Time","HAK","ACA"
"LO15054","DL8617","Cancel","SAT","DSM"
"P019920","DL3403","Cancel","LIT","BCN"
"UJ58896","DL7330","Cancel","DAY","KWE"
"BC62025","DL8553","On-Time","TYN","ZNZ"
"DP62487","DL6843","Delay","NGB","DJJ"
"Q338746","DL2987","On-Time","SHE","ORK"
"OQ81096","DL3712","Cancel","SJC","DSM"
"UX15682","DL1348","Delay","TOL","YVR"
"SI46275","DL2994","Cancel","HSV","ERI"
"H834424","AA9479","Cancel","MBS","PRN"
"I268678","AA4431","Cancel","PVG","HRG"
"FF57279","AA6986","Cancel","IND","ACC"
"C573194","AA2151","Delay","FOC","TFN"
"AK15140","AA3438","Delay","KWL","DTW"
"FT26660","AA2588","On-Time","FOC","DJJ"
"D257190","AA8389","On-Time","SHA","RAR"
"XL21477","AA4968","On-Time","CAN","PRN"
"IX35219","AA1269","Delay","PEK","MAN"
"PA47694","AA8688","Cancel","HSV","DCA"
"QN91011","AA7258","Delay","SZX","OTP"
"RK12506","AA1219","Delay","TSN","WUH"
"K248623","AA3974","Cancel","TSN","DBQ"
"FJ26430","AA9344","On-Time","RDU","SHJ"
"IQ91358","AA3755","Cancel","MSN","CLE"
"V893208","HU9474","Cancel","PEK","YYZ"
"GR97278","HU7663","On-Time","SZX","TUL"
"VQ54186","HU2974","On-Time","HRB","CUZ"
"PG82179","HU2239","Cancel","SJC","PTY"
"YM41665","HU3236","Cancel","CAN","BOM"
"QE16655","HU7341","On-Time","HSV","AFW"
"XN21483","HU5494","On-Time","PVG","CMH"
"ET76777","HU5004","Cancel","IND","BLA"
"W299434","HU6851","Delay","ORF","BOG"
"MD64300","HU2104","On-Time","HAK","AKL"
"MN39894","HU1765","Cancel","PHL","CEB"
"GK68608","HU8203","Cancel","SJC","PFO"
"D441026","HU1886","Cancel","MCI","BTS"
"F688331","HU1644","Cancel","HIB","KIX"
"RI57422","HU8802","Delay","MBS","HRE"
"AP80260","MU7202","On-Time","RDU","ERZ"
"W181679","MU9773","Delay","PHL","TPA"
"IY87396","MU8560","Cancel","KWL","CAE"
"NZ16890","MU5293","Cancel","IND","LOS"
"ES88832","MU4715","Cancel","GSP","ZNZ"
"D080282","MU4634","Delay","MCI","ERZ"
"D412459","MU4188","On-Time","GSP","SAL"
"YV60564","MU9075","Delay","TOL","TSE"
"CX56054","MU7843","Cancel","IND","RND"
"DX22477","MU2917","Cancel","SHE","ERZ"
"ZS99861","MU3738","Delay","CLE","YVR"
"RZ47778","MU1437","Cancel","HAK","BOS"
"ZX97198","MU1051","Delay","CAE","HYD"
"DG44175","MU1343","Delay","RDU","MCI"
"FX62042","MU9745","Delay","CAN","KMG"
"WQ16876","CA6377","Cancel","SJC","OSN"
"NI38385","CA7713","Cancel","WUH","MLU"
"ZF17492","CA6301","On-Time","WUH","MBS"
"QD27517","CA6281","On-Time","CLE","ITM"
"QX84173","CA4363","On-Time","HAK","SHJ"
"OX36471","CA7717","Cancel","CAE","PRN"
"UN57507","CA6127","On-Time","LIT","CMN"
"ZI93930","CA9261","On-Time","KWL","DAY"
"HF48942","CA6894","On-Time","MKE","GOA"
"VR57164","CA3919","Cancel","VBG","BLA"
"ZN27898","CA4317","On-Time","TOL","MCI"
"TQ90743","CA3476","Delay","HRB","HAJ"
"UF25136","CA8952","On-Time","MKE","FIH"
"C034299","CA1592","Cancel","TSN","KIX"
"AH11264","CA9153","Cancel","SJC","STL"
"FX47043","UA8878","Cancel","CLE","ICT"
"HO38381","UA8903","Cancel","VBG","LCA"
"LO75185","UA3063","Cancel","MCI","EVN"
"QZ42276","UA2887","Delay","HRB","ICT"
"DK59405","UA9334","Cancel","GSP","OSN"
"G447615","UA8044","Cancel","MBS","BUD"
"IO10445","UA3200","On-Time","MSN","JFK"
"RA31940","UA5809","Cancel","SHA","ZNZ"
"HB79303","UA7244","Delay","HAK","ICN"
"QG80006","UA9587","Cancel","KWL","ZNZ"
"NQ47997","UA2962","On-Time","SAT","JFK"
"UB67244","UA9532","Delay","HGH","AGP"
"QN17200","UA4168","Delay","SJC","MCI"
"F691541","UA2149","On-Time","KWL","DTW"
"OM42334","UA2629","Cancel","HRB","ICN"
"XZ90550","DL2569","Delay","TOL","ABZ"
"VJ28448","DL9824","Cancel","KWL","CMN"
"MH89346","DL3890","On-Time","PHL","CEB"
"HA25581","DL7191","Cancel","IND","BCN"
"XR35145","DL1445","Cancel","SHE","ACA"
"FZ17926","DL1969","Cancel","SAT","TBZ"
"LO15054","DL3294","On-Time","CAE","BOG"
"P019920","DL5201","On-Time","GSP","AGP"
"UJ58896","DL7918","Cancel","NKG","KWE"
"BC62025","DL2045","On-Time","NGB","GBE"
"DP62487","DL8279","On-Time","PHL","PFO"
"Q338746","DL3829","On-Time","NNG","KAN"
"OQ81096","DL2111","Delay","HRB","KMG"
"UX15682","DL5874","On-Time","SAT","BEG"
"SI46275","DL3409","Delay","WUH","SCQ"
"H834424","AA5102","On-Time","SJC","SPI"
"I268678","AA8116","Delay","SHE","CRK"
"FF57279","AA1383","Delay","NKG","LUN"
"C573194","AA2822","Cancel","PVG","BOG"
"AK15140","AA1723","Cancel","HRB","GOA"
"FT26660","AA8951","On-Time","ROC","PDL"
"D257190","AA7461","On-Time","LIT","HYD"
"XL21477","AA7145","Delay","HAK","SHJ"
"IX35219","AA2608","Cancel","HGH","CLE"
"PA47694","AA9599","On-Time","SAT","ERI"
"QN91011","AA5466","On-Time","KWL","DJJ"
"RK12506","AA3377","Cancel","VBG","BTS"
"K248623","AA1614","Delay","SHE","CAE"
"FJ26430","AA2442","On-Time","NGB","ABZ"
"IQ91358","AA7824","Cancel","WUH","UBN"
"V893208","HU8687","Cancel","PVG","TBZ"
"GR97278","HU7863","On-Time","TYN","YYT"
"VQ54186","HU1413","Delay","MBS","GRV"
"PG82179","HU3892","Cancel","SAT","ISL"
"YM41665","HU4495","Cancel","TOL","ITM"
"QE16655","HU8818","Cancel","MSN","GEG"
"XN21483","HU8344","Cancel","LIT","DSM"
"ET76777","HU6096","Delay","MKE","HAJ"
"W299434","HU9368","Delay","TSN","ICN"
"MD64300","HU5870","Delay","SAT","MCI"
"MN39894","HU7321","Cancel","PHL","SJC"
"GK68608","HU2986","Delay","SAT","DTW"
"D441026","HU6237","Cancel","GSP","HRE"
"F688331","HU7880","On-Time","HAK","RND"
"RI57422","HU3665","On-Time","HAK","MCI"
"AP80260","MU3115","Delay","PHL","SHJ"
"W181679","MU8048","Delay","RDU","TSE"
"IY87396","MU1332","On-Time","ORF","SJC"
"NZ16890","MU9443","Delay","SAT","TBZ"
"ES88832","MU8891","Cancel","SZX","RMS"
"D080282","MU2972","Delay","HIB","TSE"
"D412459","MU5047","Delay","MCI","DNA"
"YV60564","MU5260","Delay","HIB","SCQ"
"CX56054","MU3597","Cancel","PHL","RAR"
"DX22477","MU4865","Delay","GSP","ICN"
"ZS99861","MU3152","Delay","HRB","BOS"
"RZ47778","MU7354","Cancel","CAE","KEF"
"ZX97198","MU6940","Cancel","NNG","ATH"
"DG44175","MU3870","Delay","END","TIJ"
"FX62042","MU5918","Cancel","TOL","OMA"
"WQ16876","CA5050","On-Time","HRB","SAT"
"NI38385","CA1503","On-Time","HAK","SHJ"
"ZF17492","CA4819","On-Time","TOL","GBE"
"QD27517","CA8313","Delay","SHE","BEG"
"QX84173","CA3507","Delay","HAK","OSN"
"OX36471","CA1299","Cancel","CLE","CRK"
"UN57507","CA7853","Delay","FOC","CRK"
"ZI93930","CA8079","Cancel","END","ITM"
"HF48942","CA7472","On-Time","HAK","MBS"
"VR57164","CA7328","Delay","CAN","BWN"
"ZN27898","CA9092","Cancel","ORF","RAR"
"TQ90743","CA6710","Delay","HAK","SPI"
"UF25136","CA9832","Delay","VBG","FIH"
"C034299","CA4347","On-Time","SJC","GBE"
"AH11264","CA5374","Cancel","CLE","MEM"
"FX47043","UA5855","Delay","HRB","KMG"
"HO38381","UA6656","Delay","TYN","BWN"
"LO75185","UA7222","Delay","GSP","DSM"
"QZ42276","UA3688","On-Time","WUH","GOA"
"DK59405","UA7615","On-Time","MSN","RST"
"G447615","UA8915","On-Time","ROC","KIX"
"IO10445","UA8440","Cancel","MCI","LUN"
"RA31940","UA3580","On-Time","LIT","SCQ"
"HB79303","UA2048","On-Time","NNG","SAN"
"QG80006","UA1001","Cancel","GSP","AGP"
"NQ47997","UA7338","Delay","CLE","WUH"
"UB67244","UA6560","Cancel","MBS","SJC"
"QN17200","UA6696","Cancel","CAE","LUN"
"F691541","UA8336","Cancel","HIB","SAN"
"OM42334","UA1690","Cancel","END","TSN"
"XZ90550","DL3525","Delay","TSN","CUZ"
"VJ28448","DL9823","On-Time","SHA","YYZ"
"MH89346","DL8622","Delay","LIT","DAY"
"HA25581","DL7322","On-Time","ROC","KWE"
"XR35145","DL8532","On-Time","PHL","MAN"
"FZ17926","DL4057","Cancel","TSN","SAT"
"LO15054","DL8439","Cancel","KWL","BUD"
"P019920","DL6763","Delay","SHE","BSL"
"UJ58896","DL8319","On-Time","MSN","CLE"
"BC62025","DL7665","On-Time","HAK","PDL"
"DP62487","DL7925","On-Time","VBG","TRV"
"Q338746","DL5537","Cancel","MCI","MBS"
"OQ81096","DL3447","On-Time","HRB","HYD"
"UX15682","DL4118","On-Time","SHE","GBE"
"SI46275","DL7602","Delay","END","LCA"
"H834424","AA6191","On-Time","PVG","SKT"
"I268678","AA1718","On-Time","MBS","RMS"
"FF57279","AA8660","Cancel","ROC","IND"
"C573194","AA5692","On-Time","NGB","GOA"
"AK15140","AA5210","On-Time","PHL","BWI"
"FT26660","AA9840","On-Time","CLE","ISL"
"D257190","AA5821","On-Time","VBG","ERI"
"XL21477","AA5332","Cancel","TYN","LTK"
"IX35219","AA4451","On-Time","KWL","BSL"
"PA47694","AA6737","On-Time","SAT","ISL"
"QN91011","AA6753","On-Time","CAN","DLH"
"RK12506","AA1192","Cancel","CAN","SAN"
"K248623","AA7588","On-Time","MSN","ABZ"
"FJ26430","AA3036","Delay","CAE","BWI"
"IQ91358","AA6859","Delay","MBS","LCK"
"V893208","HU3847","Cancel","SHE","GRV"
"GR97278","HU9673","On-Time","MCI","SJC"
"VQ54186","HU7210","Cancel","TOL","ATH"
"PG82179","HU3214","On-Time","SHE","SPI"
"YM41665","HU2525","On-Time","SHE","DJJ"
"QE16655","HU4236","Cancel","RDU","YYT"
"XN21483","HU1109","Delay","TOL","BSL"
"ET76777","HU2902","On-Time","MCI","EVN"
"W299434","HU7368","Delay","TOL","DTW"
"MD64300","HU5268","Cancel","NGB","CUZ"
"MN39894","HU7748","Cancel","CAE","ICT"
"GK68608","HU9498","Cancel","FOC","MCI"
"D441026","HU3105","Cancel","HIB","CAE"
"F688331","HU3304","Cancel","ROC","BEG"
"RI57422","HU8447","On-Time","MCI","AYT"
"AP80260","MU6342","Cancel","SHE","PRN"
"W181679","MU7946","On-Time","TYN","ERI"
"IY87396","MU8990","Cancel","PHL","SDQ"
"NZ16890","MU1419","Delay","CAE","YYT"
"ES88832","MU5081","Delay","VBG","SJC"
"D080282","MU3742","Delay","NKG","WUH"
"D412459","MU3736","On-Time","PEK","ATH"
"YV60564","MU4942","On-Time","NKG","TSE"
"CX56054","MU5407","Delay","MSN","RST"
"DX22477","MU4307","On-Time","WUH","ACC"
"ZS99861","MU9526","Cancel","DAY","KAN"
"RZ47778","MU5232","Delay","HGH","YVR"
"ZX97198","MU7143","Cancel","MBS","UBN"
"DG44175","MU8820","Delay","PEK","CMN"
"FX62042","MU3010","On-Time","HRB","AGP"
"WQ16876","CA2288","On-Time","NGB","HRE"
"NI38385","CA7868","On-Time","SHE","SAN"
"ZF17492","CA9932","On-Time","HGH","DAY"
"QD27517","CA6054","On-Time","RDU","AGP"
"QX84173","CA9891","On-Time","RDU","JFK"
"OX36471","CA1276","Delay","PVG","GBE"
"UN57507","CA6587","Cancel","NKG","GRV"
"ZI93930","CA3113","On-Time","NNG","STL"
"HF48942","CA1674","On-Time","SZX","ERZ"
"VR57164","CA7828","Delay","VBG","BWN"
"ZN27898","CA6779","On-Time","FOC","TFN"
"TQ90743","CA6095","On-Time","RDU","ORK"
"UF25136","CA1998","Delay","SZX","AFW"
"C034299","CA1556","Cancel","ORF","AGP"
"AH11264","CA9329","On-Time","PEK","BWI"
"FX47043","UA2375","On-Time","FOC","TRV"
"HO38381","UA7087","Cancel","TSN","SPI"
"LO75185","UA7845","On-Time","LIT","SDQ"
"QZ42276","UA2669","Cancel","LIT","RST"
"DK59405","UA4827","Cancel","PEK","MBS"
"G447615","UA1532","On-Time","TSN","CRK"
"IO10445","UA8471","Cancel","VBG","UBN"
"RA31940","UA8397","On-Time","GSP","ABZ"
"HB79303","UA3104","Delay","MCI","MAN"
"QG80006","UA6495","On-Time","NGB","LUN"
"NQ47997","UA6511","Cancel","ROC","GOA"
"UB67244","UA2243","On-Time","ORF","TRV"
"QN17200","UA5282","Delay","GSP","CMH"
"F691541","UA8985","Cancel","RDU","SAL"
"OM42334","UA9826","Delay","HRB","AGP"
"XZ90550","DL3071","On-Time","MCI","BSL"
"VJ28448","DL5662","Cancel","MBS","TSN"
"MH89346","DL8789","Delay","ORF","RAR"
"HA25581","DL3859","Cancel","HGH","MCI"
"XR35145","DL7922","Cancel","NGB","TRV"
"FZ17926","DL9722","Cancel","CLE","KAN"
"LO15054","DL9985","Cancel","RDU","ISE"
"P019920","DL6036","Delay","GSP","MAN"
"UJ58896","DL3282","On-Time","MCI","GUS"
"BC62025","DL4205","On-Time","ORF","ADA"
"DP62487","DL5684","On-Time","DAY","CAE"
"Q338746","DL1226","Cancel","CAE","IND"
"OQ81096","DL7038","Delay","SHE","GEG"
"UX15682","DL8982","Delay","NNG","ADA"
"SI46275","DL9892","Delay","HAK","ADA"
"H834424","AA9440","Cancel","LIT","CMN"
"I268678","AA4785","On-Time","FOC","PRN"
"FF57279","AA7270","Delay","PVG","HRG"
"C573194","AA1910","Delay","HIB","TSN"
"AK15140","AA5310","Cancel","DAY","GOA"
"FT26660","AA4394","Cancel","TOL","RST"
"D257190","AA8481","Delay","HSV","ORK"
"XL21477","AA9680","Cancel","GSP","LOS"
"IX35219","AA4891","Cancel","SAT","GRV"
"PA47694","AA3045","Cancel","MCI","ICN"
"QN91011","AA8049","Delay","CLE","AKL"
"RK12506","AA7023","On-Time","NKG","BTS"
"K248623","AA8195","Delay","PEK","RST"
"FJ26430","AA1042","Cancel","FOC","TSN"
"IQ91358","AA7800","Cancel","GSP","SAN"
"V893208","HU9395","Cancel","MBS","BDL"
"GR97278","HU1884","Cancel","KWL","AYT"
"VQ54186","HU4577","Cancel","TYN","EVN"
"PG82179","HU1037","Cancel","ROC","ERI"
"YM41665","HU9720","Delay","MCI","YYZ"
"QE16655","HU9119","Cancel","FOC","ERZ"
"XN21483","HU2241","Delay","HGH","SAN"
"ET76777","HU8683","On-Time","NGB","ZIA"
"W299434","HU5921","Delay","PEK","WUH"
"MD64300","HU6229","On-Time","HSV","TIJ"
"MN39894","HU4024","Cancel","ROC","TIJ"
"GK68608","HU6418","On-Time","LIT","WUH"
"D441026","HU8189","Delay","GSP","KEF"
"F688331","HU3240","On-Time","CLE","ISL"
"RI57422","HU5926","Cancel","CAN","DSM"
"AP80260","MU5504","Cancel","TOL","PDL"
"W181679","MU4422","On-Time","SHE","AYT"
"IY87396","MU6141","Cancel","DAY","RND"
"NZ16890","MU8032","Delay","MCI","UBN"
"ES88832","MU4588","Cancel","TSN","SAL"
"D080282","MU7501","Cancel","HSV","RAR"
"D412459","MU9278","Delay","HGH","TSN"
"YV60564","MU7558","Cancel","IND","TUL"
"CX56054","MU8031","On-Time","IND","SKT"
"DX22477","MU4448","On-Time","ORF","ITM"
"ZS99861","MU9501","On-Time","PEK","LCK"
"RZ47778","MU7939","On-Time","NKG","BLA"
"ZX97198","MU8441","Cancel","MSN","MBS"
"DG44175","MU7606","Cancel","SHE","LCK"
"FX62042","MU5553","On-Time","LIT","WUH"
"WQ16876","CA9404","Delay","MCI","TGD"
"NI38385","CA7035","On-Time","ORF","SJC"
"ZF17492","CA7284","Delay","SHA","KWE"
"QD27517","CA7963","Cancel","CLE","SPI"
"QX84173","CA5566","Delay","VBG","SCQ"
"OX36471","CA7465","Delay","MBS","BOS"
"UN57507","CA5199","Cancel","END","KIX"
"ZI93930","CA8657","Cancel","GSP","OTP"
"HF48942","CA3474","On-Time","SHE","JFK"
"VR57164","CA8132","Cancel","PVG","CAE"
"ZN27898","CA7740","On-Time","NKG","LXR"
"TQ90743","CA5419","Cancel","KWL","TRV"
"UF25136","CA8183","Cancel","TSN","ATH"
"C034299","CA1559","On-Time","SAT","ACA"
"AH11264","CA1409","On-Time","HAK","KAN"
"FX47043","UA9593","Cancel","NGB","LOS"
"HO38381","UA5335","Delay","ROC","MLU"
"LO75185","UA4763","On-Time","GSP","PFO"
"QZ42276","UA1993","Cancel","KWL","KIX"
"DK59405","UA2776","Cancel","NGB","OSN"
"G447615","UA7555","Cancel","SHE","ABZ"
"IO10445","UA8561","Delay","CAN","NUE"
"RA31940","UA1370","On-Time","CLE","LCA"
"HB79303","UA2517","On-Time","HGH","ORK"
"QG80006","UA9592","Cancel","WUH","CLE"
"NQ47997","UA8856","Delay","LIT","BLL"
"UB67244","UA8535","Cancel","SAT","BDL"
"QN17200","UA7867","Cancel","VBG","AFW"
"F691541","UA7747","Delay","VBG","ERI"
"OM42334","UA2759","Cancel","PVG","BEG"
"XZ90550","DL2447","On-Time","MSN","LUN"
"VJ28448","DL9406","Delay","TYN","YVR"
"MH89346","DL2743","On-Time","ORF","LCK"
"HA25581","DL4017","Delay","CAE","BWI"
"XR35145","DL6359","Delay","MSN","BCN"
"FZ17926","DL7580","Cancel","END","SCQ"
"LO15054","DL9181","Cancel","NKG","TSN"
"P019920","DL9825","On-Time","IND","GBE"
"UJ58896","DL2250","On-Time","PHL","YHZ"
"BC62025","DL2434","On-Time","NGB","KWE"
"DP62487","DL6931","Delay","HRB","TSN"
"Q338746","DL5142","Cancel","MSN","MAN"
"OQ81096","DL2003","On-Time","TOL","ORK"
"UX15682","DL6319","Delay","KWL","ORK"
"SI46275","DL6805","Delay","PHL","GOA"
"H834424","AA1157","On-Time","IND","GOA"
"I268678","AA4129","On-Time","CAN","BLL"
"FF57279","AA2133","Delay","PVG","LXR"
"C573194","AA9061","Delay","LIT","TUN"
"AK15140","AA7167","Delay","NKG","YVR"
"FT26660","AA9273","On-Time","END","TUL"
"D257190","AA8200","Delay","HSV","OMA"
"XL21477","AA1046","Cancel","SJC","KWE"
"IX35219","AA1313","Delay","SJC","YHZ"
"PA47694","AA7419","Cancel","HRB","DTW"
"QN91011","AA7587","On-Time","GSP","CMN"
"RK12506","AA9207","On-Time","MCI","PFO"
"K248623","AA6993","Cancel","PHL","SAL"
"FJ26430","AA6874","Cancel","NGB","HRG"
"IQ91358","AA4051","Cancel","TSN","LTK"
"V893208","HU1749","Cancel","MKE","AGP"
"GR97278","HU2122","On-Time","HSV","CRK"
"VQ54186","HU4699","Cancel","ORF","CRK"
"PG82179","HU9326","On-Time","IND","AGP"
"YM41665","HU6465","On-Time","HIB","OSN"
"QE16655","HU7512","On-Time","CAE","SKT"
"XN21483","HU5955","Cancel","SHE","KAN"
"ET76777","HU6121","Cancel","MKE","SDQ"
"W299434","HU6221","Delay","TSN","AKL"
"MD64300","HU2374","Delay","HIB","CGN"
"MN39894","HU8057","Delay","PEK","NBE"
"GK68608","HU7528","Delay","RDU","SDQ"
"D441026","HU2730","Cancel","HSV","DSM"
"F688331","HU9132","Delay","HIB","ICN"
"RI57422","HU9138","Delay","MCI","DTW"
"AP80260","MU2934","Cancel","NGB","YYT"
"W181679","MU2680","On-Time","ORF","DJJ"
"IY87396","MU9871","Cancel","CAE","ITM"
"NZ16890","MU4415","Delay","HRB","STL"
"ES88832","MU5554","On-Time","HGH","BLL"
"D080282","MU3527","On-Time","ROC","AFW"
"D412459","MU6990","Cancel","KWL","IND"
"YV60564","MU6357","Cancel","VBG","CRK"
"CX56054","MU6691","On-Time","WUH","KWE"
"DX22477","MU2381","Delay","MKE","DLH"
"ZS99861","MU6349","Cancel","ORF","BTS"
"RZ47778","MU5303","Cancel","PHL","DTW"
"ZX97198","MU2947","Cancel","ROC","ACA"
"DG44175","MU3968","On-Time","SHE","DTW"
"FX62042","MU6522","Delay","MKE","ZNZ"
"WQ16876","CA7085","Delay","PHL","LXR"
"NI38385","CA9580","Cancel","TYN","LOS"
"ZF17492","CA2141","Delay","SAT","YYZ"
"QD27517","CA8067","On-Time","NNG","FIH"
"QX84173","CA9749","Cancel","LIT","BOG"
"OX36471","CA4196","Delay","SAT","MAA"
"UN57507","CA6135","Delay","SJC","HYD"
"ZI93930","CA7813","Delay","IND","ZIA"
"HF48942","CA4532","On-Time","HAK","DNA"
"VR57164","CA2117","Delay","CAE","YYT"
"ZN27898","CA4276","On-Time","PEK","SCQ"
"TQ90743","CA9895","On-Time","RDU","GBE"
"UF25136","CA7154","Delay","PEK","TSE"
"C034299","CA8555","Delay","PEK","STL"
"AH11264","CA9976","On-Time","LIT","HAJ"
"FX47043","UA3138","Cancel","ROC","HYD"
"HO38381","UA9685","Delay","TYN","MCI"
"LO75185","UA5329","On-Time","TOL","KEF"
"QZ42276","UA5217","On-Time","WUH","TPA"
"DK59405","UA6559","On-Time","SZX","CMN"
"G447615","UA3329","Delay","MSN","OSN"
"IO10445","UA9533","Delay","MBS","UBN"
"RA31940","UA1253","Delay","NKG","FIH"
"HB79303","UA6270","Delay","MKE","ATH"
"QG80006","UA6798","Cancel","NNG","AYT"
"NQ47997","UA1428","On-Time","HRB","HAJ"
"UB67244","UA7306","Cancel","TSN","ADA"
"QN17200","UA7164","Delay","SHA","CUZ"
"F691541","UA7064","Delay","WUH","DSM"
"OM42334","UA6434","Delay","HIB","SKT"
"XZ90550","DL1322","Cancel","FOC","WUH"
"VJ28448","DL3016","On-Time","CAE","ACC"
"MH89346","DL9894","Cancel","IND","MEM"
"HA25581","DL1182","On-Time","HRB","BSL"
"XR35145","DL3278","Delay","HGH","BDL"
"FZ17926","DL6134","Delay","SHE","KEF"
"LO15054","DL8753","Cancel","KWL","BSL"
"P019920","DL3637","Cancel","FOC","BOM"
"UJ58896","DL2857","On-Time","VBG","YVR"
"BC62025","DL7422","On-Time","GSP","DAY"
"DP62487","DL7988","Delay","TYN","CUZ"
"Q338746","DL3508","Delay","RDU","MCI"
"OQ81096","DL2930","Delay","CAE","ZIA"
"UX15682","DL3004","Delay","TYN","MAA"
"SI46275","DL5244","On-Time","HRB","ERI"
"H834424","AA7208","On-Time","DAY","OMA"
"I268678","AA8590","Delay","IND","YYT"
"FF57279","AA1140","Delay","PVG","DCA"
"C573194","AA8357","On-Time","CAE","SAT"
"AK15140","AA9723","Cancel","VBG","TSN"
"FT26660","AA2489","Cancel","GSP","YYT"
"D257190","AA6188","On-Time","TYN","EVN"
"XL21477","AA9888","Delay","HGH","YHZ"
"IX35219","AA6293","Delay","TOL","RST"
"PA47694","AA1385","Cancel","KWL","TPA"
"QN91011","AA3369","On-Time","SJC","BLA"
"RK12506","AA4064","Cancel","HAK","BOM"
"K248623","AA7950","Delay","HAK","ERI"
"FJ26430","AA8136","Delay","HRB","CEB"
"IQ91358","AA4493","On-Time","PHL","BSL"
"V893208","HU6462","Cancel","GSP","KMG"
"GR97278","HU8285","On-Time","ORF","LCK"
"VQ54186","HU8231","Cancel","PHL","GUS"
"PG82179","HU2609","Cancel","MKE","CGN"
"YM41665","HU4251","Delay","LIT","SHJ"
"QE16655","HU7029","Delay","SAT","PRN"
"XN21483","HU8779","Cancel","TSN","ITM"
"ET76777","HU8792","Cancel","ORF","HRG"
"W299434","HU5602","On-Time","SHA","TGD"
"MD64300","HU9390","Cancel","HSV","AKL"
"MN39894","HU3232","On-Time","MKE","HEL"
"GK68608","HU7074","Cancel","MBS","CUZ"
"D441026","HU2746","Cancel","PHL","MCI"
"F688331","HU6331","On-Time","VBG","ICN"
"RI57422","HU6499","Cancel","DAY","KEF"
"AP80260","MU5341","Cancel","HSV","DBQ"
"W181679","MU4868","Cancel","VBG","ADA"
"IY87396","MU9025","Cancel","HSV","OTP"
"NZ16890","MU3068","Delay","IND","DLH"
"ES88832","MU9986","On-Time","NKG","ZNZ"
"D080282","MU8271","Delay","HGH","SHJ"
"D412459","MU5808","On-Time","SAT","OTP"
"YV60564","MU4628","Cancel","HSV","LXR"
"CX56054","MU8832","Cancel","SJC","BOS"
"DX22477","MU8755","Delay","NKG","TIJ"
"ZS99861","MU2854","On-Time","TYN","PTY"
"RZ47778","MU5761","Cancel","MSN","NUE"
"ZX97198","MU7388","Cancel","PHL","YYT"
"DG44175","MU9378","Delay","CAE","ABZ"
"FX62042","MU7794","Delay","HAK","BWI"
"WQ16876","CA6278","Delay","MSN","BLL"
"NI38385","CA1891","Delay","MCI","ITM"
"ZF17492","CA2533","On-Time","ROC","SAT"
"QD27517","CA7107","Cancel","IND","DJJ"
"QX84173","CA2514","Delay","SHA","YHZ"
"OX36471","CA5951","On-Time","SHA","TUL"
"UN57507","CA5426","Delay","ORF","ICN"
"ZI93930","CA3061","Delay","HAK","DLH"
"HF48942","CA8935","Cancel","SHA","TUL"
"VR57164","CA3873","Delay","LIT","DTW"
"ZN27898","CA1406","Cancel","MBS","CGN"
"TQ90743","CA4767","On-Time","TSN","DNA"
"UF25136","CA2754","Cancel","HRB","YYT"
"C034299","CA3506","Delay","NGB","ERZ"
"AH11264","CA9416","Delay","MKE","TUN"
"FX47043","UA2837","On-Time","CAE","CAE"
"HO38381","UA1703","Delay","TSN","NUE"
"LO75185","UA9617","Cancel","END","ACA"
"QZ42276","UA3269","Delay","MSN","ICN"
"DK59405","UA1138","Delay","TSN","YHZ"
"G447615","UA7072","Delay","GSP","LXR"
"IO10445","UA2848","On-Time","TOL","LUN"
"RA31940","UA9815","Cancel","GSP","SAN"
"HB79303","UA1632","On-Time","PHL","HAJ"
"QG80006","UA4091","Cancel","HRB","ZIA"
"NQ47997","UA6333","On-Time","SJC","PRN"
"UB67244","UA6603","Delay","HSV","SPI"
"QN17200","UA2944","On-Time","TSN","YHZ"
"F691541","UA1096","Delay","PEK","IND"
"OM42334","UA5748","Cancel","NGB","SPI"
"XZ90550","DL8402","Cancel","ROC","BOM"
"VJ28448","DL9926","Cancel","CAE","ZNZ"
"MH89346","DL2675","Cancel","MCI","KAN"
"HA25581","DL6934","Delay","SAT","CRK"
"XR35145","DL1833","Delay","HGH","ZNZ"
"FZ17926","DL5325","Delay","NNG","BLL"
"LO15054","DL8631","Cancel","SHE","RAR"
"P019920","DL4610","On-Time","HSV","MBS"
"UJ58896","DL8489","On-Time","RDU","EVN"
"BC62025","DL9517","Cancel","PHL","GEG"
"DP62487","DL9597","On-Time","PHL","BUD"
"Q338746","DL9033","On-Time","SJC","BOM"
"OQ81096","DL9112","On-Time","ORF","NBE"
"UX15682","DL1872","On-Time","SHE","KEF"
"SI46275","DL7156","Cancel","DAY","KWE"
"H834424","AA7166","On-Time","SJC","TSE"
"I268678","AA5502","On-Time","HIB","YHZ"
"FF57279","AA3978","Cancel","SHA","DTW"
"C573194","AA8991","Delay","CLE","BWI"
"AK15140","AA8092","Delay","HAK","ICT"
"FT26660","AA9355","Cancel","SZX","GEG"
"D257190","AA5878","On-Time","CAN","HRE"
"XL21477","AA7020","On-Time","NKG","YYZ"
"IX35219","AA6925","Delay","MCI","DTW"
"PA47694","AA5377","On-Time","MSN","SAN"
"QN91011","AA3788","Delay","END","AGP"
"RK12506","AA1270","Delay","PHL","TIJ"
"K248623","AA6019","Cancel","PVG","YYT"
"FJ26430","AA2575","Cancel","IND","MEM"
"IQ91358","AA8635","Delay","HGH","PRN"
"V893208","HU8937","Delay","CAE","ISL"
"GR97278","HU4824","Delay","DAY","SKT"
"VQ54186","HU7737","Delay","DAY","SKT"
"PG82179","HU3252","On-Time","ROC","GRV"
"YM41665","HU5084","Delay","MKE","CMH"
"QE16655","HU6918","On-Time","PEK","RND"
"XN21483","HU7710","Delay","SHE","OMA"
"ET76777","HU5582","Delay","TYN","TUN"
"W299434","HU5345","On-Time","NNG","MAN"
"MD64300","HU1785","On-Time","IND","TUL"
"MN39894","HU7666","Delay","PHL","LCK"
"GK68608","HU9452","Delay","TYN","GUS"
"D441026","HU6120","Cancel","DAY","SPI"
"F688331","HU1751","On-Time","HIB","HAJ"
"RI57422","HU6307","Cancel","LIT","HAN"
"AP80260","MU6010","On-Time","GSP","TFN"
"W181679","MU8723","On-Time","MBS","DCA"
"IY87396","MU5879","Delay","NNG","BDL"
"NZ16890","MU8346","On-Time","SHE","MBS"
"ES88832","MU7643","Delay","CLE","NUE"
"D080282","MU3064","On-Time","NGB","SAN"
"D412459","MU6556","Cancel","HIB","YYT"
"YV60564","MU5116","On-Time","HAK","TUN"
"CX56054","MU9040","Delay","LIT","SFB"
"DX22477","MU1333","Cancel","LIT","SKT"
"ZS99861","MU5202","On-Time","LIT","BOM"
"RZ47778","MU8084","Cancel","SZX","DBQ"
"ZX97198","MU2452","Delay","SZX","RND"
"DG44175","MU8967","On-Time","HIB","MLU"
"FX62042","MU6981","Cancel","TSN","RST"
"WQ16876","CA4807","Cancel","HRB","RND"
"NI38385","CA3161","Delay","CAN","TIJ"
"ZF17492","CA4010","On-Time","ROC","YHZ"
"QD27517","CA9264","Delay","WUH","HRE"
"QX84173","CA7373","Delay","MCI","HAJ"
"OX36471","CA3893","On-Time","HSV","ACC"
"UN57507","CA9194","Cancel","NGB","KWE"
"ZI93930","CA6437","On-Time","HRB","HAN"
"HF48942","CA7774","Cancel","HGH","JFK"
"VR57164","CA6679","Cancel","NGB","EVN"
"ZN27898","CA7667","On-Time","IND","GBE"
"TQ90743","CA1713","On-Time","TYN","UBN"
"UF25136","CA6788","On-Time","HSV","OTP"
"C034299","CA7525","Cancel","IND","MEM"
"AH11264","CA4662","On-Time","ORF","ATH"
"FX47043","UA3048","Cancel","MBS","ZIA"
"HO38381","UA4358","Cancel","HIB","LUN"
"LO75185","UA3218","Cancel","HGH","TUL"
"QZ42276","UA2841","On-Time","MCI","PRN"
"DK59405","UA3177","On-Time","HAK","BSL"
"G447615","UA9021","Cancel","HIB","PDL"
"IO10445","UA9185","Cancel","ROC","ACA"
"RA31940","UA4886","On-Time","WUH","MBS"
"HB79303","UA3536","Cancel","SHE","DCA"
"QG80006","UA6070","On-Time","KWL","MBS"
"NQ47997","UA3421","Delay","HIB","SPI"
"UB67244","UA9727","Cancel","MCI","RMS"
"QN17200","UA5990","On-Time","SHE","OTP"
"F691541","UA9736","Cancel","MSN","LTK"
"OM42334","UA5396","On-Time","HSV","OSN"
"XZ90550","DL8434","Cancel","MSN","SDQ"
"VJ28448","DL5337","Cancel","GSP","CMN"
"MH89346","DL7000","Cancel","SHE","DAY"
"HA25581","DL4491","Cancel","MSN","MAA"
"XR35145","DL8291","Cancel","HAK","SDQ"
"FZ17926","DL1745","Cancel","NKG","LUN"
"LO15054","DL6769","Delay","MKE","GBE"
"P019920","DL4964","Cancel","WUH","SAL"
"UJ58896","DL9608","On-Time","MBS","KIX"
"BC62025","DL9266","On-Time","RDU","ITM"
"DP62487","DL1488","On-Time","MBS","LCA"
"Q338746","DL3599","Cancel","ORF","ICN"
"OQ81096","DL8377","Delay","MCI","HRE"
"UX15682","DL4624","On-Time","NKG","GRV"
"SI46275","DL4096","On-Time","MKE","HAN"
"H834424","AA7942","Cancel","TSN","TFN"
"I268678","AA2537","On-Time","VBG","CRK"
"FF57279","AA9195","Delay","FOC","HYD"
"C573194","AA3632","Delay","SAT","ATH"
"AK15140","AA7076","Cancel","RDU","MAN"
"FT26660","AA6473","Delay","CLE","CMH"
"D257190","AA2687","Delay","CAE","SAT"
"XL21477","AA2407","Cancel","VBG","GUS"
"IX35219","AA1218","On-Time","CAE","SHJ"
"PA47694","AA4030","Cancel","PHL","OTP"
"QN91011","AA6389","On-Time","IND","BUD"
"RK12506","AA4387","Delay","DAY","HRE"
"K248623","AA6148","Delay","GSP","BLA"
"FJ26430","AA8025","On-Time","LIT","PFO"
"IQ91358","AA5443","Delay","CLE","KWE"
"V893208","HU9764","Delay","HIB","KAN"
"GR97278","HU3353","On-Time","NKG","SJC"
"VQ54186","HU5174","On-Time","TYN","RAR"
"PG82179","HU2061","On-Time","SZX","ZIA"
"YM41665","HU3319","On-Time","CAN","HYD"
"QE16655","HU6375","Cancel","MKE","ZNZ"
"XN21483","HU6675","Cancel","HAK","ISE"
"ET76777","HU6956","On-Time","SJC","JFK"
"W299434","HU5331","Cancel","NNG","BOG"
"MD64300","HU5843","Delay","HGH","BCN"
"MN39894","HU7592","On-Time","LIT","FIH"
"GK68608","HU4859","Delay","END","ACC"
"D441026","HU4166","Delay","END","MAA"
"F688331","HU7938","On-Time","NKG","BWI"
"RI57422","HU6945","Cancel","CLE","BLA"
"AP80260","MU7110","Delay","SHA","AYT"
"W181679","MU8188","Cancel","GSP","BLA"
"IY87396","MU3212","Delay","VBG","KEF"
"NZ16890","MU8499","Cancel","KWL","SHJ"
"ES88832","MU9115","Cancel","TOL","BTS"
"D080282","MU5085","Cancel","TOL","PRN"
"D412459","MU8003","Delay","CAE","BTS"
"YV60564","MU8371","On-Time","IND","ZNZ"
"CX56054","MU2861","Delay","PEK","DJJ"
"DX22477","MU9934","Delay","TOL","TBZ"
"ZS99861","MU9909","Cancel","TSN","YVR"
"RZ47778","MU8330","On-Time","MKE","HRG"
"ZX97198","MU4834","Delay","MCI","ACA"
"DG44175","MU5717","Cancel","ROC","ITM"
"FX62042","MU1247","Delay","SZX","GOA"
"WQ16876","CA4505","Delay","IND","BOM"
"NI38385","CA7842","Delay","DAY","ABZ"
"ZF17492","CA2726","On-Time","PHL","MBS"
"QD27517","CA7797","Cancel","KWL","ERI"
"QX84173","CA5320","On-Time","SJC","ORK"
"OX36471","CA1223","On-Time","CLE","ADA"
"UN57507","CA6400","Delay","HGH","CAE"
"ZI93930","CA9111","Delay","KWL","OTP"
"HF48942","CA5048","On-Time","NNG","LUN"
"VR57164","CA2470","On-Time","HIB","CUZ"
"ZN27898","CA7589","Delay","WUH","ATH"
"TQ90743","CA8765","Delay","HGH","PDL"
"UF25136","CA6933","On-Time","TOL","HAN"
"C034299","CA3174","On-Time","NGB","DCA"
"AH11264","CA9051","Delay","TSN","IND"
"FX47043","UA4602","Delay","CAE","LCA"
"HO38381","UA9835","Cancel","LIT","SAT"
"LO75185","UA7360","Cancel","CLE","DBQ"
"QZ42276","UA6736","Cancel","END","KMG"
"DK59405","UA8551","Cancel","SHE","CEB"
"G447615","UA9107","Delay","SZX","IND"
"IO10445","UA3103","Delay","ROC","TSE"
"RA31940","UA2618","Cancel","SJC","GUS"
"HB79303","UA5754","Cancel","NKG","GBE"
"QG80006","UA6026","Delay","TSN","TPA"
"NQ47997","UA8077","Cancel","CAN","ATH"
"UB67244","UA6154","Delay","SJC","CMN"
"QN17200","UA9492","Cancel","SAT","BSL"
"F691541","UA5512","On-Time","PEK","LCA"
"OM42334","UA9116","Cancel","NKG","KEF"
"XZ90550","DL5724","On-Time","ROC","AYT"
"VJ28448","DL7541","Cancel","VBG","HAN"
"MH89346","DL6216","Cancel","ROC","ERI"
"HA25581","DL6957","Delay","WUH","RAR"
"XR35145","DL5722","On-Time","MSN","RAR"
"FZ17926","DL9927","On-Time","SJC","DBQ"
"LO15054","DL5182","Cancel","MSN","TUN"
"P019920","DL6341","Cancel","MSN","GOA"
"UJ58896","DL8514","On-Time","FOC","ISL"
"BC62025","DL3573","Delay","PHL","GBE"
"DP62487","DL2628","On-Time","VBG","ABZ"
"Q338746","DL9858","On-Time","SHE","GBE"
"OQ81096","DL6379","Cancel","HIB","SFB"
"UX15682","DL9830","Cancel","SHA","CLE"
"SI46275","DL4052","Delay","SAT","BWN"
"H834424","AA8652","On-Time","MSN","DJJ"
"I268678","AA1805","Cancel","GSP","YYT"
"FF57279","AA6140","Delay","NKG","GUS"
"C573194","AA7987","Cancel","LIT","DBQ"
"AK15140","AA6455","Cancel","MKE","KEF"
"FT26660","AA3880","On-Time","MKE","HAN"
"D257190","AA8766","Delay","TOL","CAE"
"XL21477","AA2181","Delay","CLE","SCQ"
"IX35219","AA2490","On-Time","FOC","ACA"
"PA47694","AA2016","Cancel","WUH","HAN"
"QN91011","AA2078","Delay","CAN","MAA"
"RK12506","AA1326","Cancel","TYN","RND"
"K248623","AA8504","Cancel","PHL","BEG"
"FJ26430","AA5703","Delay","IND","GUS"
"IQ91358","AA6642","Cancel","PHL","IND"
"V893208","HU7015","On-Time","MBS","MAA"
"GR97278","HU8177","Delay","MBS","BWI"
"VQ54186","HU2718","Cancel","SAT","HYD"
"PG82179","HU7307","Delay","SAT","BWN"
"YM41665","HU4813","Delay","TYN","AFW"
"QE16655","HU1887","Delay","SZX","SAL"
"XN21483","HU8363","On-Time","CAE","HEL"
"ET76777","HU6572","On-Time","MKE","MAN"
"W299434","HU1689","Cancel","NKG","RAR"
"MD64300","HU4683","On-Time","PVG","DAY"
"MN39894","HU4946","On-Time","SHA","LCA"
"GK68608","HU6394","Cancel","SHE","SAT"
"D441026","HU5686","Delay","LIT","MLU"
"F688331","HU9991","Delay","PVG","LUN"
"RI57422","HU5847","On-Time","TSN","BEG"
"AP80260","MU2224","On-Time","SHA","BEG"
"W181679","MU8497","Cancel","LIT","MCI"
"IY87396","MU3762","Delay","GSP","CEB"
"NZ16890","MU4872","Cancel","CLE","GRV"
"ES88832","MU3836","Cancel","END","KAN"
"D080282","MU3444","Cancel","PEK","CLE"
"D412459","MU6722","Cancel","NGB","UBN"
"YV60564","MU2747","Delay","SHE","STL"
"CX56054","MU5737","On-Time","CAN","AFW"
"DX22477","MU4265","Delay","NNG","MLU"
"ZS99861","MU2803","Delay","END","UBN"
"RZ47778","MU8625","Cancel","NGB","SPI"
"ZX97198","MU5415","On-Time","IND","MAA"
"DG44175","MU8172","Delay","SJC","HYD"
"FX62042","MU5425","Delay","PEK","RND"
"WQ16876","CA6666","Delay","ORF","GBE"
"NI38385","CA9407","Delay","SJC","LOS"
"ZF17492","CA2595","On-Time","HRB","OTP"
"QD27517","CA4716","Delay","CLE","BLL"
"QX84173","CA8545","On-Time","END","OMA"
"OX36471","CA2207","Delay","KWL","ICN"
"UN57507","CA2154","Cancel","MSN","WUH"
"ZI93930","CA8294","On-Time","CAN","TRV"
"HF48942","CA9609","Delay","ORF","YYT"
"VR57164","CA5832","Cancel","ROC","SDQ"
"ZN27898","CA3577","Delay","SHE","TIJ"
"TQ90743","CA6714","Cancel","PVG","KEF"
"UF25136","CA3181","Cancel","PHL","BCN"
"C034299","CA3354","Cancel","RDU","SKT"
"AH11264","CA2863","Cancel","MKE","MCI"
"FX47043","UA8707","Delay","RDU","AFW"
"HO38381","UA6447","Delay","KWL","YYT"
"LO75185","UA9438","Delay","PHL","BEG"
"QZ42276","UA4587","Delay","TSN","ATH"
"DK59405","UA9999","Delay","TOL","SCQ"
"G447615","UA9989","Cancel","ROC","CGN"
"IO10445","UA6863","Cancel","ROC","AGP"
"RA31940","UA7998","On-Time","HIB","BTS"
"HB79303","UA5802","Cancel","WUH","ISL"
"QG80006","UA2121","Delay","END","BLA"
"NQ47997","UA7394","On-Time","CAE","OSN"
"UB67244","UA5448","On-Time","SHE","DTW"
"QN17200","UA3908","On-Time","MCI","ACA"
"F691541","UA6295","On-Time","ORF","ICT"
"OM42334","UA4154","Cancel","PHL","TRV"
"XZ90550","DL6529","On-Time","PEK","CLE"
"VJ28448","DL3889","Delay","ROC","RND"
"MH89346","DL4643","Delay","PVG","ZNZ"
"HA25581","DL4191","Delay","HAK","AKL"
"XR35145","DL2197","Delay","WUH","WUH"
"FZ17926","DL9187","On-Time","DAY","SKT"
"LO15054","DL5041","On-Time","HRB","MBS"
"P019920","DL8974","Delay","HIB","ACA"
"UJ58896","DL6973","On-Time","CLE","GOA"
"BC62025","DL9277","On-Time","WUH","LOS"
"DP62487","DL3571","Cancel","NKG","ZNZ"
"Q338746","DL1695","Delay","DAY","AGP"
"OQ81096","DL7084","Delay","RDU","TUL"
"UX15682","DL6855","On-Time","NKG","KEF"
"SI46275","DL2318","On-Time","MKE","AYT"
